x,y,r
500580.0,120170.0,9.1405
500590.0,117870.0,9.2912
500640.0,118240.0,9.2766
500660.0,120550.0,9.1216
500690.0,118610.0,9.2644
500750.0,120930.0,9.0852
500750.0,118980.0,9.2248
500800.0,122550.0,8.9905
500810.0,119350.0,9.1899
500840.0,121310.0,9.0415
500880.0,119720.0,9.1589
500910.0,122930.0,8.9822
500940.0,121690.0,9.0047
500950.0,120100.0,9.1335
500970.0,117820.0,9.3081
501010.0,118190.0,9.3174
501030.0,123300.0,8.9652
501030.0,120470.0,9.1018
501050.0,122070.0,8.9816
501060.0,118550.0,9.3294
501120.0,118920.0,9.2655
501120.0,120850.0,9.0663
501150.0,122440.0,8.9703
501150.0,123670.0,8.9432
501180.0,119290.0,9.2083
501210.0,121220.0,9.0333
501250.0,119650.0,9.164
501270.0,122810.0,8.9572
501280.0,124030.0,8.9204
501300.0,121590.0,9.0048
501320.0,120020.0,9.1313
501380.0,123180.0,8.9388
501400.0,120390.0,9.1023
501410.0,121970.0,8.9835
501430.0,118500.0,9.3835
501480.0,120760.0,9.0739
501480.0,118860.0,9.3372
501500.0,123550.0,8.9189
501510.0,122340.0,8.9669
501540.0,119220.0,9.2729
501570.0,121130.0,9.0445
501610.0,119580.0,9.2165
501620.0,122710.0,8.9501
501630.0,123900.0,8.9018
501660.0,121500.0,9.0183
501680.0,119950.0,9.1756
501740.0,123070.0,8.931000000000001
501750.0,120310.0,9.1435
501750.0,124250.0,8.8757
501760.0,121870.0,8.9975
501780.0,118450.0,9.4054
501840.0,120680.0,9.1127
501840.0,118800.0,9.4033
501860.0,123430.0,8.9095
501870.0,122230.0,8.9795
501900.0,119160.0,9.3591
501920.0,121040.0,9.0819
501960.0,119520.0,9.3002
501980.0,122600.0,8.9622
501980.0,123780.0,8.887
502020.0,121410.0,9.0552
502030.0,119880.0,9.2532
502070.0,126050.0,8.8875
502090.0,122960.0,8.9441
502100.0,124130.0,8.8663
502110.0,120240.0,9.2218
502120.0,121770.0,9.0336
502190.0,118750.0,9.4352
502190.0,120600.0,9.1899
502200.0,123310.0,8.9252
502210.0,126380.0,8.8956
502220.0,124470.0,8.8536
502220.0,122130.0,9.0153
502250.0,119100.0,9.4299
502270.0,125590.0,8.8632
502270.0,120960.0,9.1551
502310.0,119450.0,9.372
502320.0,122490.0,8.9985
502320.0,123660.0,8.9047
502340.0,127500.0,8.9414
502350.0,124800.0,8.8492
502350.0,126700.0,8.9072
502370.0,121320.0,9.1228
502380.0,119810.0,9.3247
502400.0,125910.0,8.8773
502440.0,122850.0,8.9826
502450.0,120160.0,9.2988
502450.0,124000.0,8.8861
502460.0,121670.0,9.0972
502480.0,125130.0,8.8444
502500.0,127020.0,8.9138
502500.0,127830.0,8.9407
502530.0,120510.0,9.2715
502540.0,126230.0,8.8856
502550.0,123200.0,8.9683
502560.0,122030.0,9.0778
502570.0,124340.0,8.8745
502600.0,119040.0,9.4578
502610.0,125450.0,8.8507
502620.0,120870.0,9.2414
502660.0,119390.0,9.405
502660.0,127350.0,8.9179
502670.0,122390.0,9.0618
502670.0,123540.0,8.9541
502670.0,128160.0,8.9358
502680.0,126550.0,8.8918
502690.0,124670.0,8.866
502710.0,121230.0,9.211
502730.0,119730.0,9.3617
502740.0,125770.0,8.8542
502780.0,122740.0,9.0479
502790.0,123880.0,8.9407
502800.0,120080.0,9.3545
502810.0,121580.0,9.1843
502820.0,127670.0,8.913
502820.0,124990.0,8.8552
502830.0,126870.0,8.8957
502840.0,128490.0,8.9316
502880.0,126080.0,8.8564
502880.0,120430.0,9.3246
502890.0,123080.0,9.0363
502910.0,124210.0,8.9293
502910.0,121930.0,9.1632
502950.0,125310.0,8.8469
502960.0,120780.0,9.2961
502980.0,127190.0,8.8948
502980.0,128000.0,8.906
503010.0,123420.0,9.0266
503010.0,122280.0,9.148
503020.0,128830.0,8.9296
503020.0,126400.0,8.8579
503030.0,124540.0,8.9165
503050.0,121130.0,9.2757
503080.0,125630.0,8.834
503120.0,122630.0,9.1355
503130.0,123760.0,9.0184
503140.0,127510.0,8.8902
503150.0,120010.0,9.3851
503150.0,128320.0,8.9025
503150.0,121480.0,9.2575
503160.0,124860.0,8.8992
503160.0,126720.0,8.8617
503210.0,129160.0,8.93
503210.0,125940.0,8.8212
503230.0,122970.0,9.1244
503230.0,120350.0,9.3433
503250.0,124090.0,9.0094
503250.0,121830.0,9.2415
503280.0,125170.0,8.8774
503300.0,127830.0,8.8851
503310.0,120700.0,9.3097
503310.0,127030.0,8.8643
503330.0,128660.0,8.9023
503350.0,123310.0,9.1161
503350.0,126250.0,8.8152
503350.0,122180.0,9.232999999999999
503370.0,124410.0,8.998
503400.0,121040.0,9.3016
503400.0,129500.0,8.9311
503410.0,125480.0,8.8545
503460.0,122520.0,9.2242
503460.0,123640.0,9.1131
503460.0,127350.0,8.8647
503470.0,128160.0,8.8824
503490.0,121390.0,9.2965
503490.0,124730.0,8.9817
503490.0,126560.0,8.8204
503520.0,128990.0,8.9041
503540.0,125790.0,8.8322
503570.0,122860.0,9.2149
503580.0,123960.0,9.1045
503590.0,121730.0,9.2958
503600.0,129840.0,8.932
503620.0,125040.0,8.9585
503620.0,127670.0,8.8648
503640.0,126880.0,8.8275
503650.0,128480.0,8.8822
503680.0,123190.0,9.2084
503680.0,126100.0,8.8162
503690.0,122070.0,9.2967
503700.0,124280.0,9.0934
503710.0,129320.0,8.9098
503740.0,120950.0,9.3421
503740.0,125340.0,8.9302
503790.0,127190.0,8.8335
503790.0,127990.0,8.8641
503800.0,122410.0,9.2847
503800.0,123520.0,9.2048
503820.0,126410.0,8.8048
503830.0,124590.0,9.0767
503830.0,128810.0,8.8835
503840.0,121290.0,9.3444
503880.0,125650.0,8.8971
503910.0,129660.0,8.9171
503910.0,122740.0,9.2671
503920.0,123840.0,9.1911
503940.0,121630.0,9.3465
503950.0,124900.0,9.0521
503950.0,127500.0,8.8387
503960.0,128310.0,8.861
503960.0,126720.0,8.8016
504010.0,125950.0,8.8609
504020.0,123070.0,9.2477
504020.0,129140.0,8.8875
504040.0,124150.0,9.1704
504040.0,121960.0,9.3393
504080.0,125200.0,9.0204
504110.0,127820.0,8.8412
504110.0,127030.0,8.806000000000001
504110.0,130000.0,8.9112
504140.0,123390.0,9.2345
504140.0,128630.0,8.8582
504150.0,126260.0,8.8271
504160.0,124460.0,9.1415
504210.0,125510.0,8.9804
504220.0,129470.0,8.8939
504270.0,127340.0,8.8129
504280.0,128140.0,8.839
504280.0,124760.0,9.105
504290.0,126560.0,8.8059
504320.0,130340.0,8.9134
504330.0,128960.0,8.8591
504340.0,125810.0,8.9331
504410.0,125060.0,9.0617
504420.0,129810.0,8.8946
504430.0,127650.0,8.8188
504440.0,126870.0,8.7948
504460.0,128450.0,8.8358
504460.0,131220.0,8.9526
504480.0,126110.0,8.8817
504500.0,124320.0,9.1249
504530.0,129290.0,8.8653
504540.0,130680.0,8.9199
504540.0,125360.0,9.0187
504590.0,127170.0,8.795
504600.0,127960.0,8.822000000000001
504620.0,124620.0,9.0992
504620.0,126400.0,8.8339
504630.0,130140.0,8.8989
504650.0,128780.0,8.834
504670.0,125660.0,8.975
504690.0,131560.0,8.9545
504730.0,129610.0,8.8698
504740.0,124920.0,9.059
504750.0,127480.0,8.7998
504760.0,131020.0,8.9224
504770.0,126700.0,8.8029
504780.0,128270.0,8.8224
504810.0,125950.0,8.9263
504840.0,129100.0,8.8364
504850.0,130480.0,8.9036
504870.0,132460.0,8.9478
504870.0,125210.0,9.0215
504920.0,127780.0,8.807
504920.0,127000.0,8.792
504930.0,131910.0,8.9414
504940.0,129940.0,8.8748
504950.0,126250.0,8.8726
504960.0,124480.0,9.0775
504960.0,128590.0,8.821
504990.0,131360.0,8.9206
505000.0,125500.0,8.9882
505040.0,129420.0,8.8384
505060.0,133360.0,8.953
505070.0,130810.0,8.9032
505080.0,127300.0,8.7916
505080.0,124770.0,9.0494
505090.0,126540.0,8.826
505100.0,128090.0,8.8121
505110.0,132810.0,8.9444
505140.0,125790.0,8.9507
505150.0,128910.0,8.8194
505150.0,130270.0,8.878
505170.0,132250.0,8.9243
505210.0,125060.0,9.0115
505230.0,131700.0,8.9162
505240.0,126830.0,8.8
505240.0,127600.0,8.7945
505250.0,129740.0,8.8416
505280.0,128400.0,8.8128
505280.0,126080.0,8.9057
505300.0,131150.0,8.899
505310.0,133710.0,8.9504
505340.0,125350.0,8.9818
505350.0,129220.0,8.8173
505360.0,133150.0,8.9299
505370.0,130600.0,8.8772
505400.0,127130.0,8.7931
505410.0,132590.0,8.9113
505410.0,127910.0,8.7999
505420.0,126370.0,8.8605
505430.0,124620.0,9.045
505460.0,130070.0,8.8458
505470.0,128710.0,8.8113
505470.0,132030.0,8.9057
505470.0,125630.0,8.9553
505530.0,131480.0,8.8929
505550.0,124910.0,9.02
505560.0,127420.0,8.7938
505560.0,129540.0,8.8181
505570.0,126660.0,8.8264
505570.0,134060.0,8.9429
505590.0,128210.0,8.804
505600.0,130930.0,8.8734
505610.0,133490.0,8.9145
505610.0,125920.0,8.9285
505660.0,132930.0,8.9001
505660.0,129030.0,8.8092
505680.0,130390.0,8.8473
505680.0,125190.0,8.9867
505720.0,132370.0,8.8936
505730.0,126950.0,8.8095
505730.0,127720.0,8.7956
505760.0,126200.0,8.9003
505770.0,131810.0,8.8851
505770.0,129860.0,8.8217
505780.0,128520.0,8.805
505810.0,125470.0,8.9617
505830.0,134400.0,8.9318
505840.0,131260.0,8.8674
505860.0,129340.0,8.8085
505870.0,133830.0,8.9018
505890.0,127240.0,8.8032
505900.0,126490.0,8.8734
505910.0,128020.0,8.7982
505910.0,130720.0,8.8466
505910.0,133270.0,8.8885
505950.0,125750.0,8.9441
505960.0,132700.0,8.8818
505970.0,128830.0,8.8043
505990.0,130180.0,8.8247
506020.0,132150.0,8.8746
506060.0,126770.0,8.8521
506060.0,127530.0,8.8009
506080.0,129650.0,8.8099
506080.0,131590.0,8.8612
506090.0,126030.0,8.9292
506100.0,134750.0,8.9191
506100.0,128320.0,8.7995
506130.0,134170.0,8.8914
506140.0,131040.0,8.8433
506170.0,133600.0,8.8789
506180.0,129130.0,8.8032
506210.0,133040.0,8.8705
506210.0,130500.0,8.8255
506220.0,127050.0,8.8366
506230.0,127830.0,8.8008
506240.0,126310.0,8.9142
506270.0,132480.0,8.8632
506290.0,129970.0,8.8117
506290.0,128620.0,8.7991
506320.0,131920.0,8.8519
506370.0,135090.0,8.9052
506380.0,129440.0,8.8024
506380.0,127340.0,8.8248
506380.0,131370.0,8.8381
506390.0,134520.0,8.8808
506390.0,126580.0,8.8984
506410.0,128120.0,8.8007
506430.0,133940.0,8.8706
506440.0,130820.0,8.8242
506470.0,133370.0,8.8619
506490.0,128930.0,8.7975
506520.0,132810.0,8.8536
506520.0,130280.0,8.8121
506550.0,126860.0,8.8773
506560.0,127630.0,8.8165
506570.0,132250.0,8.8418
506600.0,128420.0,8.7998
506600.0,129750.0,8.8025
506620.0,131690.0,8.8302
506640.0,135440.0,8.8938
506660.0,134860.0,8.8679
506680.0,131140.0,8.8199
506690.0,134280.0,8.8616
506690.0,129230.0,8.7954
506710.0,127140.0,8.8575
506730.0,133710.0,8.8548
506740.0,127920.0,8.8116
506750.0,130600.0,8.8107
506770.0,133140.0,8.8475
506800.0,128710.0,8.7975
506820.0,130060.0,8.8022
506820.0,132580.0,8.834
506870.0,132020.0,8.8212
506890.0,126670.0,8.8463
506890.0,127430.0,8.8416
506910.0,129540.0,8.7933
506920.0,131460.0,8.8127
506920.0,128210.0,8.8082
506930.0,135790.0,8.8804
506940.0,135200.0,8.8556
506960.0,134620.0,8.8512
506980.0,130920.0,8.8064
506990.0,134040.0,8.8494
507010.0,129010.0,8.7925
507030.0,133470.0,8.8446
507050.0,126940.0,8.844
507050.0,130380.0,8.8003
507060.0,127710.0,8.8307
507070.0,132900.0,8.8298
507120.0,132340.0,8.8127
507120.0,128500.0,8.8036
507130.0,129840.0,8.7918
507170.0,131790.0,8.802999999999999
507220.0,127220.0,8.8399
507220.0,129320.0,8.786
507220.0,136140.0,8.855
507220.0,135550.0,8.8408
507220.0,131240.0,8.7985
507240.0,134960.0,8.8398
507250.0,127990.0,8.8222
507260.0,134380.0,8.8435
507280.0,130690.0,8.7956
507290.0,133800.0,8.8433
507320.0,128800.0,8.7955
507330.0,133230.0,8.8297
507350.0,130150.0,8.7896
507370.0,132670.0,8.8065
507390.0,127500.0,8.8338
507420.0,132110.0,8.7923
507440.0,128280.0,8.8112
507440.0,129620.0,8.7803
507470.0,131550.0,8.7876
507510.0,135900.0,8.8229
507520.0,135300.0,8.8298
507520.0,131000.0,8.7875
507520.0,136500.0,8.8122
507530.0,129090.0,8.7834
507540.0,134710.0,8.8404
507560.0,134130.0,8.8427
507580.0,127780.0,8.8212
507590.0,130460.0,8.7853
507600.0,133560.0,8.8312
507630.0,132990.0,8.8045
507640.0,128570.0,8.799
507660.0,129920.0,8.7763
507670.0,132430.0,8.7824
507720.0,131870.0,8.7752
507750.0,129390.0,8.7708
507770.0,128060.0,8.7956
507770.0,131320.0,8.7764
507810.0,136250.0,8.8023
507810.0,135650.0,8.8211
507820.0,135050.0,8.8365
507820.0,130770.0,8.7781
507830.0,134470.0,8.8436
507840.0,136860.0,8.7793
507850.0,128860.0,8.7833
507860.0,133890.0,8.8345
507890.0,130230.0,8.772
507900.0,133320.0,8.8052
507930.0,132750.0,8.7752
507970.0,129690.0,8.7617
507970.0,132190.0,8.7628
508020.0,131640.0,8.7635
508060.0,129160.0,8.7668
508070.0,131080.0,8.7679
508100.0,135390.0,8.8337
508110.0,134800.0,8.8449
508110.0,135990.0,8.8119
508130.0,130540.0,8.7654
508130.0,134220.0,8.837
508130.0,136610.0,8.7885
508160.0,133640.0,8.8075
508170.0,137230.0,8.7787
508190.0,133080.0,8.7707
508200.0,129990.0,8.7547
508230.0,132510.0,8.7515
508240.0,137870.0,8.8384
508270.0,131950.0,8.75
508280.0,129460.0,8.7532
508320.0,131400.0,8.7556
508370.0,130850.0,8.7548
508400.0,135140.0,8.8461
508400.0,135740.0,8.834
508410.0,134550.0,8.8388
508420.0,136350.0,8.8093
508430.0,130300.0,8.7453
508430.0,133970.0,8.8091
508450.0,136970.0,8.7898
508460.0,133400.0,8.767000000000001
508490.0,132830.0,8.7413
508510.0,129760.0,8.7412
508520.0,137610.0,8.7978
508530.0,132270.0,8.7366
508570.0,131710.0,8.7418
508600.0,138270.0,8.8469
508620.0,131160.0,8.7436
508670.0,130610.0,8.7286
508700.0,134880.0,8.8408
508700.0,135480.0,8.8471
508710.0,134300.0,8.8103
508710.0,136090.0,8.8361
508730.0,133720.0,8.7635
508740.0,136710.0,8.8138
508740.0,130060.0,8.722999999999999
508750.0,133150.0,8.7313
508790.0,132590.0,8.7232
508800.0,137350.0,8.802999999999999
508820.0,132030.0,8.7276
508870.0,131470.0,8.7307
508880.0,138000.0,8.814
508920.0,130910.0,8.7173
508980.0,130360.0,8.6982
508990.0,135220.0,8.8422
508990.0,134620.0,8.8127
509000.0,134040.0,8.7621
509000.0,135820.0,8.8491
509020.0,133470.0,8.7213
509030.0,136440.0,8.8416
509050.0,132910.0,8.7095
509080.0,132340.0,8.7133
509090.0,137080.0,8.8249
509120.0,131780.0,8.7169
509160.0,137730.0,8.8157
509170.0,131220.0,8.7025
509260.0,138390.0,8.8004
509280.0,134950.0,8.8162
509280.0,134370.0,8.7631
509300.0,133790.0,8.7134
509300.0,135550.0,8.8443
509320.0,133220.0,8.6954
509320.0,136170.0,8.8534
509340.0,132660.0,8.6985
509370.0,136800.0,8.8513
509380.0,132090.0,8.702
509420.0,131530.0,8.6858
509450.0,137450.0,8.8395
509540.0,138110.0,8.8138
509570.0,134690.0,8.7679
509580.0,134110.0,8.7104
509590.0,135290.0,8.8203
509590.0,133540.0,8.6826
509610.0,135900.0,8.8486
509610.0,132970.0,8.6836
509640.0,132410.0,8.683
509660.0,136530.0,8.8611
509660.0,138790.0,8.7856
509680.0,131840.0,8.6654
509730.0,137170.0,8.8648
509820.0,137830.0,8.8408
509860.0,134430.0,8.7133
509870.0,133850.0,8.67
509870.0,135020.0,8.7766
509880.0,133280.0,8.6703
509900.0,135630.0,8.8262
509910.0,132720.0,8.6614
509940.0,138500.0,8.8023
509940.0,132150.0,8.6392
509950.0,136250.0,8.8564
510020.0,136890.0,8.8736
510110.0,137540.0,8.873
510150.0,134170.0,8.6676
510160.0,133590.0,8.6523
510160.0,134750.0,8.7228
510170.0,133020.0,8.6501
510190.0,135350.0,8.7867
510200.0,132460.0,8.6307
510220.0,138210.0,8.8351
510230.0,135970.0,8.8354
510300.0,136600.0,8.8686
510390.0,137250.0,8.8877
510440.0,133900.0,8.6363
510450.0,134490.0,8.6719
510450.0,133330.0,8.6296
510470.0,135080.0,8.7372
510500.0,137920.0,8.8692
510520.0,135690.0,8.798
510580.0,136320.0,8.8483
510630.0,138590.0,8.8355
510670.0,136960.0,8.8847
510730.0,134220.0,8.629
510750.0,134810.0,8.6847
510770.0,137620.0,8.8962
510790.0,135410.0,8.7514
510860.0,136030.0,8.8129
510900.0,138290.0,8.8629
510940.0,136670.0,8.8671
510960.0,139980.0,8.722000000000001
511030.0,134540.0,8.6323
511050.0,137320.0,8.9003
511060.0,138980.0,8.8167
511070.0,135130.0,8.6997
511130.0,135750.0,8.7681
511180.0,137980.0,8.898
511220.0,136370.0,8.8352
511230.0,139670.0,8.7498
511320.0,137020.0,8.891
511330.0,138660.0,8.8483
511350.0,134850.0,8.6426
511410.0,135460.0,8.7167
511430.0,140370.0,8.7113
511450.0,137670.0,8.9188
511490.0,136080.0,8.796
511500.0,139350.0,8.801
511590.0,136720.0,8.8672
511600.0,138350.0,8.8997
511640.0,141080.0,8.6848
511680.0,135180.0,8.6797
511690.0,140050.0,8.7457
511720.0,137370.0,8.9174
511760.0,139030.0,8.8531
511760.0,135790.0,8.7487
511860.0,136420.0,8.8377
511860.0,138030.0,8.9379
511880.0,141790.0,8.7369
511900.0,140760.0,8.7062
511950.0,134890.0,8.8043
511950.0,139730.0,8.8015
511980.0,137060.0,8.9063
512030.0,135500.0,8.731
512030.0,138710.0,8.9131
512120.0,136120.0,8.8026
512130.0,137710.0,8.9533
512130.0,141460.0,8.7222
512160.0,140430.0,8.7462
512210.0,139400.0,8.8691
512240.0,136750.0,8.888
512290.0,138380.0,8.9656
512300.0,135200.0,8.8609
512370.0,142160.0,8.7632
512380.0,141130.0,8.7215
512390.0,135820.0,8.798
512390.0,137400.0,8.9526
512420.0,140090.0,8.8146
512470.0,139060.0,8.9428
512500.0,136450.0,8.8662
512550.0,138060.0,9.0012
512620.0,141830.0,8.7671
512640.0,140790.0,8.7621
512640.0,137090.0,8.9455
512650.0,135520.0,8.863
512680.0,139750.0,8.9025
512730.0,138730.0,9.0125
512760.0,136140.0,8.8546
512800.0,137740.0,9.0196
512870.0,141490.0,8.7659
512870.0,142530.0,8.7952
512890.0,140440.0,8.8515
512890.0,136770.0,8.93
512930.0,139410.0,8.9962
512990.0,138400.0,9.0734
513020.0,135830.0,8.849
513050.0,137410.0,9.0186
513120.0,142180.0,8.8071
513120.0,141140.0,8.81
513140.0,140100.0,8.961
513150.0,136460.0,8.9063
513180.0,139070.0,9.0881
513230.0,138070.0,9.1157
513300.0,137090.0,9.0062
513360.0,141830.0,8.8264
513370.0,140790.0,8.9145
513370.0,142870.0,8.8276
513390.0,139750.0,9.075
513400.0,136140.0,8.8591
513430.0,138730.0,9.1756
513480.0,137740.0,9.1248
513550.0,136770.0,8.975
513600.0,141470.0,8.8866
513610.0,142520.0,8.8503
513620.0,140430.0,9.0414
513620.0,143550.0,8.8203
513640.0,139400.0,9.1891
513650.0,135820.0,8.8781
513670.0,138390.0,9.2404
513720.0,137410.0,9.1148
513790.0,136450.0,8.9172
513840.0,142160.0,8.8949
513850.0,141110.0,8.9985
513860.0,143200.0,8.854
513860.0,140070.0,9.1711
513880.0,139050.0,9.2973
513880.0,144220.0,8.818999999999999
513910.0,138050.0,9.2665
513960.0,137080.0,9.0839
514040.0,136120.0,8.9124
514080.0,141800.0,8.9779
514090.0,140750.0,9.1332
514090.0,142840.0,8.8959
514100.0,139710.0,9.2986
514110.0,143870.0,8.8229
514120.0,138700.0,9.3785
514150.0,137720.0,9.2617
514200.0,136750.0,9.0359
514320.0,142470.0,8.969
514320.0,141430.0,9.0919
514330.0,140380.0,9.2684
514340.0,143510.0,8.8795
514340.0,139350.0,9.4135
514350.0,138360.0,9.4217
514370.0,144530.0,8.8155
514380.0,137380.0,9.2401
514440.0,136410.0,8.9951
514560.0,142100.0,9.07
514560.0,141050.0,9.2228
514570.0,140020.0,9.3947
514570.0,143140.0,8.9447
514570.0,139000.0,9.5002
514580.0,138010.0,9.4333
514590.0,144170.0,8.8222
514610.0,137040.0,9.2082
514680.0,136070.0,9.0679
514790.0,141720.0,9.1819
514800.0,140680.0,9.3522
514800.0,142770.0,9.042
514800.0,139650.0,9.5023
514800.0,138650.0,9.5507
514810.0,143800.0,8.8973
514810.0,137670.0,9.4263
514840.0,144820.0,8.8015
514850.0,136700.0,9.1795
515020.0,138300.0,9.5724
515030.0,139290.0,9.5768
515030.0,141340.0,9.3013
515030.0,142390.0,9.152999999999999
515030.0,140310.0,9.4665
515040.0,137320.0,9.4167
515040.0,143420.0,8.9901
515060.0,144450.0,8.8195
515080.0,136340.0,9.1608
515240.0,137950.0,9.5786
515250.0,138930.0,9.6136
515250.0,139930.0,9.5541
515260.0,140960.0,9.4155
515260.0,136970.0,9.42
515260.0,143050.0,9.1042
515260.0,142000.0,9.2598
515280.0,144080.0,8.895
515310.0,145090.0,8.7795
515320.0,135990.0,9.2926
515460.0,138570.0,9.6255
515460.0,137590.0,9.5849
515480.0,140580.0,9.5118
515480.0,139560.0,9.6021
515490.0,136610.0,9.4145
515490.0,141620.0,9.363999999999999
515490.0,142660.0,9.2189
515500.0,143700.0,9.0157
515520.0,144720.0,8.8101
515550.0,145730.0,8.6565
515680.0,138210.0,9.6299
515680.0,137230.0,9.6003
515690.0,139200.0,9.6207
515710.0,140200.0,9.5725
515710.0,142270.0,9.3199
515710.0,141230.0,9.4604
515720.0,143310.0,9.1466
515720.0,136240.0,9.4626
515740.0,144340.0,8.8887
515770.0,145350.0,8.7449
515890.0,137850.0,9.6363
515910.0,136870.0,9.6115
515910.0,138830.0,9.6256
515920.0,139830.0,9.6023
515930.0,140840.0,9.533
515940.0,141880.0,9.4102
515940.0,142920.0,9.2658
515960.0,143950.0,9.0225
515960.0,135870.0,9.6714
515980.0,144970.0,8.7959
516000.0,145980.0,8.6412
516110.0,138470.0,9.6273
516110.0,137490.0,9.645
516130.0,136490.0,9.6348
516130.0,139450.0,9.6139
516150.0,140460.0,9.5736
516160.0,142520.0,9.363
516160.0,141480.0,9.4883
516170.0,143560.0,9.1697
516190.0,144580.0,8.8828
516190.0,135490.0,9.7095
516210.0,145600.0,8.711
516320.0,138100.0,9.6317
516320.0,137110.0,9.6509
516340.0,139080.0,9.6121
516360.0,140070.0,9.5949
516360.0,136110.0,9.6805
516380.0,142120.0,9.4426
516380.0,141090.0,9.5388
516390.0,143160.0,9.2946
516400.0,144190.0,9.0235
516420.0,145210.0,8.7801
516430.0,135100.0,9.7525
516450.0,146210.0,8.6209
516530.0,137730.0,9.6374
516540.0,136730.0,9.662
516550.0,138710.0,9.6056
516570.0,139690.0,9.5943
516590.0,140700.0,9.5692
516590.0,135720.0,9.7168
516600.0,141720.0,9.5012
516600.0,142760.0,9.3909
516610.0,143800.0,9.1785
516620.0,144820.0,8.8798
516650.0,145830.0,8.6712
516670.0,134700.0,9.81
516740.0,137340.0,9.64
516750.0,138330.0,9.602
516760.0,136340.0,9.6856
516770.0,139310.0,9.58
516800.0,140310.0,9.5771
516810.0,141320.0,9.5381
516820.0,143390.0,9.309
516820.0,142360.0,9.4603
516820.0,135330.0,9.7525
516830.0,144420.0,9.0254
516850.0,145430.0,8.7597
516920.0,134310.0,9.8703
516950.0,136960.0,9.6452
516950.0,137950.0,9.5996
516970.0,138930.0,9.5588
516980.0,135950.0,9.7115
517000.0,139920.0,9.5672
517020.0,140920.0,9.5573
517030.0,142990.0,9.4048
517030.0,141950.0,9.5042
517040.0,144020.0,9.1839
517050.0,145040.0,8.875
517050.0,134930.0,9.8065
517080.0,146050.0,8.6548
517150.0,137570.0,9.5943
517160.0,136560.0,9.6566
517160.0,133900.0,9.9331
517170.0,138550.0,9.54
517200.0,135550.0,9.7416
517200.0,139540.0,9.5385
517220.0,140530.0,9.5558
517240.0,141540.0,9.5329
517240.0,143610.0,9.3157
517240.0,142580.0,9.466000000000001
517250.0,144640.0,9.0291
517280.0,145650.0,8.7372
517280.0,134520.0,9.86
517360.0,137170.0,9.5876
517370.0,138170.0,9.5228
517380.0,136160.0,9.667
517390.0,139150.0,9.5006
517400.0,133500.0,9.9821
517420.0,140140.0,9.5381
517430.0,135140.0,9.7819
517440.0,141140.0,9.5408
517450.0,143200.0,9.408999999999999
517450.0,142160.0,9.5035
517460.0,144230.0,9.1895
517470.0,145250.0,8.8652
517500.0,146250.0,8.6159
517520.0,134110.0,9.9077
517560.0,137770.0,9.505
517560.0,136770.0,9.581
517590.0,135750.0,9.6863
517590.0,138760.0,9.4629
517620.0,139740.0,9.4994
517640.0,133090.0,10.005
517640.0,140740.0,9.5348
517650.0,141750.0,9.5233
517650.0,134730.0,9.8245
517660.0,142780.0,9.4665
517660.0,143820.0,9.3193
517670.0,144840.0,9.0285
517690.0,145850.0,8.7029
517750.0,133700.0,9.9382
517760.0,137370.0,9.4864
517770.0,136360.0,9.5769
517780.0,138370.0,9.4264
517810.0,139350.0,9.4485
517810.0,135340.0,9.716000000000001
517840.0,140340.0,9.5105
517850.0,141340.0,9.5244
517860.0,142360.0,9.4996
517860.0,143400.0,9.4098
517870.0,144430.0,9.192
517880.0,134310.0,9.866
517890.0,145440.0,8.849
517920.0,146450.0,8.579
517960.0,136970.0,9.469
517970.0,137970.0,9.3919
517980.0,135950.0,9.5849
517990.0,133290.0,9.9838
517990.0,138960.0,9.3941
518020.0,134930.0,9.7585
518030.0,139940.0,9.4655
518050.0,140930.0,9.5141
518060.0,141950.0,9.5116
518060.0,142980.0,9.4653
518060.0,144010.0,9.3207
518080.0,145030.0,9.0247
518100.0,146040.0,8.6558
518100.0,133900.0,9.9059
518160.0,136560.0,9.4572
518160.0,137570.0,9.3618
518180.0,138560.0,9.3389
518190.0,135540.0,9.6115
518210.0,139540.0,9.4058
518220.0,132880.0,10.025
518240.0,140530.0,9.4834
518240.0,134510.0,9.8091
518250.0,141530.0,9.5091
518260.0,143590.0,9.4094
518260.0,142550.0,9.4928
518270.0,144620.0,9.1917
518290.0,145630.0,8.8225
518330.0,133480.0,9.9532
518330.0,146640.0,8.5951
518350.0,137160.0,9.34
518360.0,136140.0,9.4586
518370.0,138160.0,9.287
518390.0,135110.0,9.6663
518400.0,139140.0,9.3393
518420.0,140130.0,9.4325
518440.0,141120.0,9.4928
518450.0,142130.0,9.4991
518460.0,143160.0,9.4611
518460.0,144190.0,9.3204
518460.0,134090.0,9.8664
518480.0,145220.0,9.0146
518510.0,146230.0,8.6375
518550.0,136740.0,9.3283
518550.0,137750.0,9.2456
518560.0,135720.0,9.4832
518560.0,133070.0,10.004
518580.0,138740.0,9.2712
518600.0,134690.0,9.7395
518610.0,139720.0,9.3666
518630.0,140710.0,9.4549
518640.0,141710.0,9.4935
518650.0,142730.0,9.4839
518660.0,143770.0,9.4065
518670.0,144790.0,9.1876
518680.0,133660.0,9.9265
518700.0,145810.0,8.7903
518740.0,137330.0,9.2211
518740.0,136320.0,9.3297
518760.0,135290.0,9.5533
518760.0,138330.0,9.2081
518780.0,132650.0,10.045
518790.0,139320.0,9.2929
518810.0,134260.0,9.818999999999999
518810.0,140300.0,9.3972
518830.0,141290.0,9.4701
518840.0,142310.0,9.4861
518850.0,143330.0,9.454
518860.0,144370.0,9.3167
518880.0,145390.0,8.992
518890.0,133240.0,9.9773
518920.0,146400.0,8.6481
518930.0,136910.0,9.2147
518940.0,135890.0,9.3554
518940.0,137920.0,9.161
518960.0,138910.0,9.2189
518970.0,134870.0,9.6588
518990.0,139890.0,9.3259
519010.0,140880.0,9.424
519020.0,133840.0,9.8954
519030.0,141880.0,9.4766
519040.0,143940.0,9.3999
519040.0,142900.0,9.4729
519060.0,144960.0,9.1755
519100.0,145980.0,8.7428
519110.0,132830.0,10.002
519120.0,136490.0,9.2199
519120.0,137500.0,9.1365
519130.0,135460.0,9.4358
519140.0,138500.0,9.154
519170.0,134430.0,9.7681
519170.0,139480.0,9.2484
519190.0,140460.0,9.3585
519210.0,141460.0,9.4451
519220.0,142470.0,9.472000000000001
519230.0,143500.0,9.4438
519230.0,133410.0,9.9499
519250.0,144530.0,9.3074
519270.0,145560.0,8.9463
519300.0,137080.0,9.135
519310.0,136060.0,9.2516
519320.0,138080.0,9.1098
519330.0,135030.0,9.5707
519340.0,139070.0,9.1749
519360.0,140050.0,9.2821
519370.0,134000.0,9.8672
519390.0,141040.0,9.3902
519400.0,142040.0,9.457
519410.0,143060.0,9.4591
519430.0,144100.0,9.3891
519440.0,132990.0,9.9731
519450.0,145130.0,9.1511
519490.0,135620.0,9.3375
519490.0,146150.0,8.7168
519490.0,137660.0,9.0898
519490.0,136650.0,9.145
519510.0,138650.0,9.1163
519520.0,134600.0,9.7152
519540.0,139640.0,9.2046
519560.0,140620.0,9.3177
519570.0,133570.0,9.9404
519580.0,141610.0,9.4176
519590.0,142630.0,9.4556
519610.0,143660.0,9.4304
519630.0,144690.0,9.2924
519670.0,136210.0,9.1848
519670.0,137230.0,9.0906
519670.0,145720.0,8.8747
519680.0,135190.0,9.4898
519680.0,138230.0,9.0806
519710.0,139220.0,9.137
519720.0,134160.0,9.8444
519730.0,140200.0,9.2387
519750.0,141190.0,9.3554
519770.0,142190.0,9.4348
519770.0,133140.0,9.9771
519790.0,143220.0,9.4428
519810.0,144250.0,9.3741
519840.0,145280.0,9.1078
519850.0,136800.0,9.1062
519850.0,135780.0,9.2781
519860.0,137800.0,9.0673
519870.0,134750.0,9.6742
519880.0,138800.0,9.0888
519900.0,139780.0,9.1647
519910.0,133720.0,9.9097
519920.0,140770.0,9.2793
519950.0,141760.0,9.3891
519960.0,142770.0,9.4368
519980.0,143810.0,9.414
520010.0,144840.0,9.2711
520030.0,136360.0,9.1553
520030.0,137370.0,9.0702
520040.0,138370.0,9.0619
520040.0,135330.0,9.4505
520060.0,134310.0,9.8187
520060.0,145870.0,8.8467
520070.0,139360.0,9.1056
520090.0,140340.0,9.2016
520110.0,141330.0,9.3231
520140.0,142340.0,9.4109
520160.0,143360.0,9.424
520190.0,144400.0,9.3555
520200.0,136940.0,9.0919
520200.0,135920.0,9.2609
520210.0,137940.0,9.0554
520220.0,134890.0,9.6624
520230.0,145430.0,9.0397
520230.0,138940.0,9.0676
520250.0,139920.0,9.1332
520250.0,133860.0,9.8527
520280.0,140910.0,9.2481
520300.0,141900.0,9.3615
520330.0,142920.0,9.4157
520360.0,143950.0,9.3941
520370.0,136500.0,9.1494
520380.0,135480.0,9.4482
520380.0,137510.0,9.0609
520390.0,144990.0,9.2387
520400.0,138510.0,9.0481
520400.0,134450.0,9.7903
520420.0,139500.0,9.0819
520440.0,140480.0,9.1751
520450.0,146020.0,8.7798
520470.0,141470.0,9.2963
520500.0,142470.0,9.3865
520520.0,143500.0,9.4026
520550.0,136050.0,9.2612
520550.0,137070.0,9.0888
520560.0,138080.0,9.0467
520560.0,135030.0,9.6518
520560.0,144540.0,9.3335
520580.0,134000.0,9.7962
520580.0,139070.0,9.0507
520600.0,140060.0,9.1121
520610.0,145580.0,8.9671
520630.0,141040.0,9.2263
520660.0,142030.0,9.337
520690.0,143050.0,9.3932
520720.0,136630.0,9.1507
520720.0,135610.0,9.4522
520720.0,137640.0,9.056000000000001
520730.0,144090.0,9.3708
520740.0,138640.0,9.0372
520740.0,134580.0,9.7594
520760.0,139630.0,9.0652
520780.0,145130.0,9.1982
520790.0,140610.0,9.1591
520820.0,141600.0,9.2762
520840.0,146160.0,8.6931
520850.0,142600.0,9.3631
520890.0,136180.0,9.2657
520890.0,143630.0,9.3792
520890.0,137200.0,9.0897
520890.0,135160.0,9.6376
520900.0,138200.0,9.0386
520920.0,139200.0,9.0372
520940.0,144680.0,9.3081
520950.0,140180.0,9.0992
520980.0,141170.0,9.2128
521000.0,145720.0,8.8984
521010.0,142160.0,9.3165
521050.0,143180.0,9.3699
521050.0,136760.0,9.1563
521060.0,135740.0,9.4547
521060.0,137760.0,9.0534
521070.0,134710.0,9.7209
521080.0,138760.0,9.027999999999999
521100.0,139750.0,9.0536
521100.0,144220.0,9.3446
521130.0,140730.0,9.1502
521160.0,145270.0,9.1546
521170.0,141720.0,9.262
521210.0,142730.0,9.3418
521220.0,137320.0,9.0935
521220.0,136310.0,9.2756
521220.0,135280.0,9.6151
521240.0,138330.0,9.0318
521240.0,146300.0,8.5931
521260.0,139320.0,9.0266
521260.0,143760.0,9.354
521290.0,140300.0,9.0917
521320.0,144810.0,9.2797
521320.0,141290.0,9.2047
521370.0,142290.0,9.3
521380.0,136880.0,9.1666
521380.0,135860.0,9.4513
521390.0,134830.0,9.6611
521390.0,145850.0,8.8436
521390.0,137880.0,9.0523
521410.0,138880.0,9.0204
521420.0,143310.0,9.3463
521440.0,139870.0,9.0455
521470.0,144350.0,9.3157
521470.0,140850.0,9.1454
521490.0,146890.0,8.4405
521520.0,141840.0,9.2517
521550.0,137440.0,9.0988
521550.0,145400.0,9.1132
521550.0,136430.0,9.2872
521550.0,135400.0,9.5748
521570.0,142850.0,9.3224
521570.0,138440.0,9.0264
521590.0,139440.0,9.0182
521620.0,140420.0,9.0871
521630.0,143890.0,9.3269
521640.0,146440.0,8.507
521670.0,141410.0,9.1992
521700.0,144940.0,9.2485
521710.0,136990.0,9.1766
521710.0,135970.0,9.4375
521720.0,142400.0,9.2861
521720.0,134950.0,9.568999999999999
521720.0,138000.0,9.0519
521740.0,139000.0,9.0139
521770.0,139990.0,9.0394
521780.0,143430.0,9.3218
521790.0,145980.0,8.7898
521810.0,140970.0,9.1423
521850.0,144470.0,9.2842
521860.0,141960.0,9.243
521870.0,135520.0,9.5131
521870.0,136540.0,9.2923
521880.0,137550.0,9.103
521890.0,138550.0,9.0216
521900.0,147020.0,8.4448
521920.0,139550.0,9.0112
521930.0,142970.0,9.3036
521940.0,145530.0,9.0663
521960.0,140530.0,9.0838
522000.0,144010.0,9.2973
522010.0,141520.0,9.1946
522030.0,137100.0,9.1809
522030.0,135060.0,9.4912
522030.0,136090.0,9.4151
522040.0,138110.0,9.0507
522050.0,146570.0,8.4942
522070.0,142520.0,9.273
522070.0,139110.0,9.0078
522090.0,145060.0,9.2116
522100.0,140100.0,9.0345
522150.0,143550.0,9.2953
522150.0,141080.0,9.1397
522190.0,146110.0,8.7092
522190.0,135630.0,9.4582
522190.0,136650.0,9.2905
522200.0,137660.0,9.1038
522200.0,134600.0,9.4973
522220.0,142070.0,9.2346
522220.0,138660.0,9.0167
522230.0,144590.0,9.25
522250.0,139660.0,9.0051
522290.0,143090.0,9.2837
522300.0,140650.0,9.0809
522320.0,147150.0,8.4485
522330.0,145650.0,8.9963
522340.0,136190.0,9.3928
522350.0,137210.0,9.1806
522350.0,135170.0,9.4676
522360.0,141630.0,9.1895
522370.0,138220.0,9.0481
522380.0,144130.0,9.2642
522400.0,139220.0,9.0021
522430.0,142630.0,9.2594
522440.0,140210.0,9.0301
522460.0,146700.0,8.4842
522480.0,145180.0,9.1613
522500.0,135740.0,9.435
522500.0,141190.0,9.1363
522500.0,136760.0,9.2827
522510.0,137770.0,9.1028
522510.0,134710.0,9.4846
522520.0,143660.0,9.2668
522540.0,138770.0,9.0116
522570.0,142180.0,9.2251
522580.0,139770.0,8.9993
522600.0,146240.0,8.6034
522620.0,144710.0,9.2108
522630.0,140750.0,9.0771
522650.0,135280.0,9.4668
522650.0,136300.0,9.3756
522660.0,137310.0,9.1777
522660.0,143200.0,9.2607
522690.0,138320.0,9.0443
522710.0,141740.0,9.1826
522720.0,139320.0,8.9966
522740.0,145770.0,8.8897
522760.0,144240.0,9.2271
522770.0,140310.0,9.025
522790.0,142740.0,9.2427
522810.0,134820.0,9.4787
522810.0,135840.0,9.4268
522810.0,136860.0,9.2721
522830.0,137870.0,9.1001
522840.0,141300.0,9.1306
522870.0,138870.0,9.0068
522880.0,145300.0,9.084
522880.0,146820.0,8.4783
522900.0,143770.0,9.2352
522910.0,139870.0,8.9933
522930.0,142290.0,9.2128
522960.0,135380.0,9.4671
522960.0,136400.0,9.3628
522980.0,140860.0,9.0711
522980.0,137420.0,9.174
523010.0,138420.0,9.0404
523010.0,144830.0,9.158999999999999
523010.0,146360.0,8.533
523030.0,143310.0,9.2328
523050.0,139430.0,8.9916
523060.0,141850.0,9.1726
523110.0,140420.0,9.0181
523110.0,135940.0,9.4199
523120.0,134920.0,9.4851
523130.0,136960.0,9.2645
523150.0,145890.0,8.736
523150.0,137970.0,9.0971
523150.0,144350.0,9.1837
523160.0,142850.0,9.2209
523190.0,138980.0,9.0031
523190.0,141410.0,9.1214
523250.0,139980.0,8.9868
523270.0,135480.0,9.4613
523270.0,136500.0,9.3542
523280.0,145420.0,8.959
523280.0,143880.0,9.1977
523290.0,142400.0,9.1961
523300.0,137520.0,9.171
523310.0,146950.0,8.4708
523320.0,140970.0,9.0616
523330.0,138530.0,9.0378
523390.0,139530.0,8.9865
523410.0,144940.0,9.0805
523410.0,143420.0,9.1992
523420.0,135020.0,9.4832
523420.0,136040.0,9.4131
523420.0,141950.0,9.1583
523440.0,137060.0,9.2609
523440.0,146480.0,8.5028
523460.0,140520.0,9.0076
523470.0,138070.0,9.0949
523520.0,139080.0,9.0008
523540.0,142960.0,9.1925
523550.0,141510.0,9.1073
523550.0,144460.0,9.1271
523570.0,135580.0,9.4423
523570.0,146010.0,8.5948
523580.0,136600.0,9.3511
523590.0,140080.0,8.9799
523620.0,137620.0,9.1696
523660.0,138630.0,9.0383
523670.0,142500.0,9.1729
523670.0,143990.0,9.1497
523680.0,141070.0,9.0469
523700.0,145530.0,8.7878
523720.0,139630.0,8.982000000000001
523730.0,136140.0,9.4064
523760.0,137160.0,9.2607
523760.0,147070.0,8.4655
523790.0,142060.0,9.1377
523800.0,138170.0,9.0961
523800.0,143520.0,9.1588
523810.0,140630.0,8.9918
523830.0,145050.0,8.9584
523860.0,139180.0,9.0014
523880.0,146600.0,8.4903
523880.0,135680.0,9.4171
523900.0,136700.0,9.3521
523910.0,141610.0,9.0862
523920.0,143060.0,9.1555
523940.0,137710.0,9.1712
523940.0,140180.0,8.9722
523950.0,144570.0,9.0455
524000.0,138730.0,9.0431
524000.0,146120.0,8.5298
524040.0,141170.0,9.0247
524040.0,142610.0,9.1407
524040.0,136240.0,9.399
524070.0,139730.0,8.9783
524080.0,137260.0,9.2627
524080.0,144100.0,9.0855
524100.0,147650.0,8.4585
524130.0,145640.0,8.6355
524130.0,138270.0,9.1022
524160.0,140730.0,8.9716
524170.0,142160.0,9.107999999999999
524180.0,135780.0,9.3977
524200.0,143620.0,9.1078
524200.0,139280.0,9.0057
524220.0,147180.0,8.4634
524220.0,136800.0,9.3548
524250.0,145160.0,8.8022
524270.0,137810.0,9.1777
524290.0,141720.0,9.0557
524290.0,140280.0,8.9622
524320.0,143160.0,9.1076
524330.0,146710.0,8.4864
524330.0,138830.0,9.0536
524360.0,136340.0,9.3956
524370.0,144680.0,8.9314
524400.0,137350.0,9.2686
524410.0,141270.0,8.9928
524420.0,139830.0,8.9751
524430.0,142710.0,9.0971
524450.0,146230.0,8.5087
524470.0,138370.0,9.1153
524490.0,144200.0,9.0002
524500.0,135870.0,9.3925
524530.0,140830.0,8.9499
524540.0,136890.0,9.3589
524550.0,139380.0,9.0143
524550.0,142260.0,9.0668
524570.0,147760.0,8.4605
524570.0,145750.0,8.5572
524600.0,137910.0,9.1918
524610.0,143730.0,9.0409
524650.0,140380.0,8.9503
524660.0,141820.0,9.014
524680.0,136430.0,9.3962
524680.0,145270.0,8.6689
524680.0,138930.0,9.0705
524680.0,147300.0,8.469
524720.0,143260.0,9.0485
524730.0,137450.0,9.2799
524780.0,141370.0,8.9529
524780.0,139930.0,8.975
524790.0,146820.0,8.4857
524800.0,144780.0,8.802999999999999
524810.0,138470.0,9.1363
524810.0,135970.0,9.3932
524830.0,142810.0,9.0407
524870.0,136990.0,9.3645
524900.0,140930.0,8.9292
524900.0,139480.0,9.0281
524910.0,144300.0,8.8983
524910.0,146340.0,8.5027
524940.0,138010.0,9.2146
524940.0,142360.0,9.0124
524950.0,148340.0,8.4816
525000.0,136530.0,9.3981
525020.0,140480.0,8.939
525020.0,145860.0,8.529
525020.0,143830.0,8.9584
525030.0,139020.0,9.0932
525050.0,141920.0,8.9608
525050.0,147880.0,8.486
525070.0,137550.0,9.2971
525130.0,143360.0,8.9777
525130.0,145370.0,8.5917
525140.0,136070.0,9.3946
525140.0,140030.0,8.9806
525150.0,138560.0,9.1655
525160.0,147400.0,8.4862
525160.0,141470.0,8.9132
525200.0,137080.0,9.3717
525240.0,144880.0,8.6964
525240.0,142910.0,8.9718
525260.0,139580.0,9.0474
525260.0,146930.0,8.4883
525280.0,141030.0,8.9096
525280.0,138100.0,9.2461
525330.0,136620.0,9.4005
525340.0,144400.0,8.797
525340.0,142460.0,8.9463
525340.0,148920.0,8.5204
525370.0,146450.0,8.5018
525380.0,139120.0,9.122
525390.0,140580.0,8.9337
525410.0,137640.0,9.3206
525440.0,148450.0,8.527999999999999
525450.0,143920.0,8.8682
525450.0,142010.0,8.9024
525460.0,136160.0,9.3971
525470.0,145960.0,8.5222
525510.0,140130.0,8.9935
525510.0,138660.0,9.2034
525540.0,137180.0,9.3774
525540.0,147980.0,8.5322
525550.0,143460.0,8.899
525560.0,141570.0,8.8821
525580.0,145470.0,8.5576
525630.0,138200.0,9.2849
525630.0,139670.0,9.0723
525640.0,147510.0,8.5129
525650.0,143000.0,8.8954
525660.0,141130.0,8.8934
525670.0,136720.0,9.4006
525680.0,144980.0,8.6274
525740.0,147030.0,8.4935
525750.0,137730.0,9.3397
525750.0,139210.0,9.1574
525760.0,142550.0,8.8759
525770.0,140680.0,8.9377
525780.0,144490.0,8.7134
525800.0,136250.0,9.4021
525840.0,146540.0,8.5032
525850.0,149020.0,8.5926
525860.0,138750.0,9.2493
525860.0,142110.0,8.8537
525880.0,144020.0,8.7832
525880.0,137270.0,9.3723
525890.0,140230.0,9.0124
525940.0,146050.0,8.5226
525940.0,148550.0,8.6037
525960.0,141660.0,8.8579
525980.0,138290.0,9.32
525980.0,143550.0,8.8194
526000.0,136810.0,9.3909
526000.0,139770.0,9.1017
526030.0,148080.0,8.5896
526040.0,145560.0,8.5494
526060.0,141220.0,8.89
526080.0,143090.0,8.8209
526100.0,137830.0,9.3454
526110.0,139310.0,9.1983
526130.0,147610.0,8.5409
526140.0,145070.0,8.5922
526160.0,140770.0,8.9497
526170.0,142640.0,8.8157
526220.0,147130.0,8.4995
526230.0,137360.0,9.3443
526230.0,138840.0,9.291
526230.0,144580.0,8.6539
526270.0,140320.0,9.0342
526270.0,142200.0,8.8208
526310.0,146640.0,8.5064
526330.0,144110.0,8.7117
526340.0,138380.0,9.3327
526350.0,136900.0,9.3497
526360.0,149120.0,8.6568
526370.0,141760.0,8.849
526380.0,139860.0,9.1338
526410.0,146150.0,8.5257
526420.0,143640.0,8.7465
526440.0,148650.0,8.6655
526460.0,141310.0,8.8964
526460.0,137920.0,9.3401
526490.0,139400.0,9.2359
526500.0,145650.0,8.5505
526510.0,143180.0,8.7621
526530.0,148180.0,8.6431
526560.0,140860.0,8.9647
526580.0,137450.0,9.328
526590.0,145160.0,8.5821
526600.0,138930.0,9.3051
526600.0,142730.0,8.78
526620.0,147700.0,8.5677
526660.0,140410.0,9.0553
526680.0,144670.0,8.6226
526690.0,142290.0,8.8109
526700.0,150160.0,8.6331
526710.0,147220.0,8.5065
526710.0,138470.0,9.3235
526770.0,144190.0,8.6658
526770.0,139950.0,9.1603
526780.0,141840.0,8.8526
526790.0,146730.0,8.5111
526790.0,149690.0,8.6584
526860.0,143720.0,8.702
526870.0,141400.0,8.9077
526870.0,149210.0,8.6913
526870.0,139490.0,9.251
526880.0,146230.0,8.5318
526950.0,148740.0,8.7138
526950.0,143260.0,8.735
526970.0,145740.0,8.5554
526970.0,140950.0,8.9799
526980.0,139020.0,9.2962
527030.0,148260.0,8.6842
527030.0,142810.0,8.772
527060.0,145240.0,8.5832
527060.0,140490.0,9.0721
527110.0,147780.0,8.5925
527120.0,142370.0,8.812999999999999
527140.0,144750.0,8.6166
527150.0,150720.0,8.6328
527160.0,140030.0,9.1728
527190.0,147300.0,8.5154
527200.0,141930.0,8.8614
527230.0,144270.0,8.6535
527230.0,150250.0,8.6715
527260.0,139570.0,9.2478
527270.0,146810.0,8.5172
527290.0,141480.0,8.9208
527300.0,149770.0,8.7081
527310.0,143800.0,8.6925
527360.0,139110.0,9.2645
527360.0,146310.0,8.5396
527380.0,149300.0,8.7526
527380.0,141030.0,8.994
527390.0,143340.0,8.7326
527440.0,145820.0,8.5644
527450.0,148820.0,8.7585
527470.0,140580.0,9.0844
527470.0,142890.0,8.7741
527520.0,145320.0,8.5883
527530.0,148340.0,8.7193
527550.0,142450.0,8.8204
527560.0,140120.0,9.1775
527600.0,144830.0,8.6182
527610.0,147860.0,8.613999999999999
527630.0,142010.0,8.8737
527650.0,139650.0,9.2335
527680.0,150800.0,8.6653
527680.0,144350.0,8.6541
527680.0,147380.0,8.5255
527710.0,141560.0,8.9352
527750.0,150330.0,8.7314
527750.0,139190.0,9.2315
527760.0,146890.0,8.5245
527760.0,143880.0,8.6935
527790.0,141110.0,9.0075
527820.0,149850.0,8.7793
527830.0,146390.0,8.5476
527840.0,143420.0,8.7355
527880.0,140660.0,9.0937
527890.0,149370.0,8.808
527910.0,142970.0,8.7813
527910.0,145890.0,8.5756
527960.0,148900.0,8.8018
527970.0,140200.0,9.1787
527990.0,145400.0,8.5983
527990.0,142530.0,8.8322
528030.0,148420.0,8.7499
528050.0,139730.0,9.2203
528060.0,144910.0,8.6248
528060.0,142080.0,8.8881
528080.0,151830.0,8.677999999999999
528100.0,147940.0,8.635
528140.0,141640.0,8.9502
528140.0,144420.0,8.6588
528150.0,151360.0,8.6727
528170.0,147450.0,8.5394
528210.0,150880.0,8.722000000000001
528210.0,143950.0,8.699
528220.0,141190.0,9.0213
528240.0,146960.0,8.5336
528280.0,143490.0,8.7437
528280.0,150400.0,8.7926
528300.0,140730.0,9.1028
528310.0,146460.0,8.5549
528340.0,149920.0,8.8373
528350.0,143040.0,8.793
528380.0,140270.0,9.1805
528380.0,145960.0,8.5861
528410.0,149450.0,8.8546
528430.0,142600.0,8.8462
528460.0,145470.0,8.6109
528460.0,139810.0,9.219
528470.0,148970.0,8.8425
528500.0,142160.0,8.9031
528530.0,148490.0,8.7864
528530.0,144970.0,8.6364
528570.0,141710.0,8.9658
528600.0,144490.0,8.6691
528600.0,148010.0,8.6698
528630.0,151900.0,8.6786
528640.0,141260.0,9.0366
528660.0,147520.0,8.5642
528670.0,144020.0,8.7095
528690.0,151430.0,8.6923
528720.0,140800.0,9.1149
528730.0,143560.0,8.7559
528730.0,147020.0,8.5444
528750.0,150950.0,8.7746
528790.0,140340.0,9.1866
528790.0,146530.0,8.562000000000001
528800.0,143110.0,8.8065
528810.0,150470.0,8.8448
528860.0,146030.0,8.5945
528870.0,149990.0,8.8843
528870.0,142670.0,8.8603
528870.0,139880.0,9.2227
528920.0,149510.0,8.8982
528920.0,145530.0,8.623
528930.0,142220.0,8.9178
528980.0,149030.0,8.8842
528990.0,145040.0,8.6502
529000.0,141780.0,8.9812
529040.0,148550.0,8.8322
529060.0,144560.0,8.6828
529070.0,141330.0,9.0523
529100.0,148070.0,8.7258
529120.0,144080.0,8.7229
529140.0,140870.0,9.1291
529150.0,147580.0,8.6069
529170.0,151970.0,8.6979
529180.0,143630.0,8.7691
529210.0,147090.0,8.5607
529210.0,140410.0,9.1974
529220.0,151490.0,8.7252
529250.0,143180.0,8.8197
529270.0,146590.0,8.5712
529280.0,151010.0,8.8152
529280.0,139940.0,9.2328
529310.0,142730.0,8.8735
529330.0,146090.0,8.601
529340.0,150530.0,8.8914
529370.0,142290.0,8.9312
529390.0,145590.0,8.6329
529390.0,150050.0,8.9307
529430.0,141840.0,8.9945
529440.0,149570.0,8.9442
529450.0,145100.0,8.6631
529490.0,149090.0,8.9292
529500.0,141390.0,9.0646
529510.0,144620.0,8.6967
529540.0,148610.0,8.8818
529560.0,140930.0,9.1403
529570.0,144140.0,8.7365
529590.0,148120.0,8.7917
529630.0,140470.0,9.2089
529630.0,143690.0,8.7821
529650.0,147630.0,8.6683
529690.0,140000.0,9.2408
529690.0,143230.0,8.8322
529700.0,147140.0,8.5894
529710.0,152040.0,8.775
529750.0,146640.0,8.5876
529750.0,142790.0,8.8859
529760.0,139540.0,9.2868
529760.0,151550.0,8.7851
529810.0,142340.0,8.9433
529810.0,146140.0,8.6079
529810.0,151070.0,8.842
529860.0,145650.0,8.6409
529860.0,150590.0,8.9327
529860.0,141900.0,9.0052
529910.0,150100.0,8.9785
529920.0,145150.0,8.6745
529920.0,141450.0,9.0726
529960.0,149620.0,8.995
529970.0,144670.0,8.7099
529980.0,140990.0,9.145
530000.0,149140.0,8.9773
530030.0,144200.0,8.7497
530040.0,140530.0,9.2144
530050.0,148660.0,8.931000000000001
530080.0,143740.0,8.7948
530090.0,148170.0,8.8548
530100.0,140060.0,9.2518
530130.0,143290.0,8.8445
530140.0,147680.0,8.7408
530170.0,139590.0,9.2905
530180.0,147190.0,8.6404
530180.0,142840.0,8.8978
530230.0,139120.0,9.3025
530230.0,146690.0,8.6097
530240.0,142400.0,8.9543
530280.0,146190.0,8.6207
530290.0,151610.0,8.861
530290.0,141950.0,9.0142
530330.0,145690.0,8.6502
530340.0,141500.0,9.078
530340.0,151120.0,8.8908
530380.0,145200.0,8.6858
530390.0,150640.0,8.9701
530400.0,141040.0,9.1446
530430.0,144720.0,8.722999999999999
530430.0,150150.0,9.0257
530450.0,140580.0,9.2108
530470.0,149670.0,9.0478
530470.0,144250.0,8.7634
530510.0,149180.0,9.0276
530510.0,140110.0,9.2626
530520.0,143790.0,8.8082
530550.0,148700.0,8.9797
530570.0,139640.0,9.2984
530570.0,143340.0,8.8573
530580.0,148210.0,8.9114
530620.0,139180.0,9.2995
530620.0,147720.0,8.8133
530620.0,142890.0,8.9098
530660.0,147230.0,8.7067
530670.0,142440.0,8.9648
530680.0,138710.0,9.2558
530700.0,146730.0,8.6452
530710.0,142000.0,9.0223
530750.0,146230.0,8.6453
530760.0,141540.0,9.0823
530790.0,145740.0,8.6647
530810.0,141090.0,9.1442
530830.0,145250.0,8.6992
530860.0,151170.0,8.9722
530860.0,140620.0,9.2063
530880.0,144760.0,8.738
530900.0,150680.0,9.0304
530910.0,140160.0,9.2641
530920.0,144290.0,8.7791
530940.0,150190.0,9.0731
530960.0,143830.0,8.8237
530960.0,139690.0,9.3019
530970.0,149710.0,9.0997
531000.0,143380.0,8.8717
531010.0,149220.0,9.0791
531020.0,139220.0,9.3004
531040.0,148740.0,9.0278
531050.0,142930.0,8.9227
531070.0,138750.0,9.2733
531070.0,148250.0,8.9609
531090.0,142490.0,8.9755
531100.0,147760.0,8.8773
531130.0,142040.0,9.0301
531140.0,147260.0,8.7773
531170.0,141590.0,9.0865
531170.0,146770.0,8.7008
531210.0,146270.0,8.6794
531220.0,141130.0,9.1442
531240.0,145770.0,8.6898
531260.0,140670.0,9.2026
531280.0,145280.0,8.7187
531310.0,140200.0,9.2613
531320.0,144800.0,8.757
531360.0,139730.0,9.3056
531360.0,144330.0,8.7984
531370.0,151210.0,9.0396
531400.0,139260.0,9.3082
531400.0,143870.0,8.8421
531410.0,150720.0,9.0673
531430.0,143420.0,8.8884
531440.0,150230.0,9.1158
531450.0,138790.0,9.3066
531470.0,149740.0,9.149
531470.0,142970.0,8.9369
531500.0,149250.0,9.1292
531510.0,142520.0,8.9868
531520.0,148770.0,9.0742
531550.0,142070.0,9.0381
531550.0,148280.0,9.0047
531580.0,147790.0,8.9308
531580.0,141620.0,9.091000000000001
531600.0,147290.0,8.8442
531620.0,141160.0,9.145
531630.0,146800.0,8.7673
531660.0,146300.0,8.7261
531660.0,140700.0,9.2
531690.0,145810.0,8.7283
531700.0,140240.0,9.2571
531730.0,145320.0,8.7483
531750.0,139770.0,9.3046
531760.0,144840.0,8.783
531790.0,139300.0,9.3194
531790.0,144360.0,8.823
531820.0,143900.0,8.865
531830.0,138830.0,9.3267
531860.0,143450.0,8.9085
531870.0,151240.0,9.0591
531890.0,143000.0,8.9534
531900.0,150740.0,9.0899
531920.0,150250.0,9.1561
531920.0,142550.0,8.9993
531950.0,149760.0,9.1951
531950.0,142110.0,9.0468
531970.0,149280.0,9.1765
531990.0,148790.0,9.1193
531990.0,141650.0,9.0961
532010.0,148300.0,9.0463
532020.0,141200.0,9.1469
532040.0,147810.0,8.9782
532060.0,140740.0,9.1988
532060.0,147320.0,8.9054
532080.0,146820.0,8.8358
532100.0,140270.0,9.2534
532110.0,146330.0,8.7865
532130.0,145830.0,8.7793
532130.0,139800.0,9.3025
532160.0,145340.0,8.7905
532170.0,139330.0,9.323
532190.0,144860.0,8.8185
532210.0,138860.0,9.3308
532220.0,144390.0,8.8549
532250.0,143930.0,8.8937
532270.0,143480.0,8.933
532300.0,143030.0,8.9729
532330.0,142580.0,9.0139
532350.0,151260.0,9.0557
532360.0,142130.0,9.0568
532370.0,150770.0,9.1054
532390.0,150270.0,9.187999999999999
532390.0,141680.0,9.1024
532410.0,149780.0,9.235
532420.0,141230.0,9.1502
532430.0,149290.0,9.2196
532450.0,140760.0,9.1998
532450.0,148810.0,9.1629
532460.0,148320.0,9.0877
532480.0,147830.0,9.0236
532480.0,140300.0,9.2517
532500.0,147340.0,8.9627
532520.0,146840.0,8.9032
532520.0,139830.0,9.2999
532540.0,146350.0,8.8566
532550.0,139360.0,9.322000000000001
532560.0,145850.0,8.8398
532590.0,138900.0,9.3288
532590.0,145370.0,8.8453
532610.0,144890.0,8.8655
532630.0,144420.0,8.8959
532660.0,143960.0,8.9292
532680.0,143500.0,8.9626
532710.0,143050.0,8.9963
532730.0,142610.0,9.0312
532760.0,142160.0,9.0688
532790.0,141710.0,9.1103
532810.0,141250.0,9.1554
532820.0,151280.0,9.0519
532830.0,150780.0,9.1173
532840.0,140790.0,9.2029
532850.0,150290.0,9.2194
532860.0,149800.0,9.2718
532870.0,140330.0,9.253
532870.0,149310.0,9.2592
532890.0,148820.0,9.2054
532900.0,148330.0,9.1311
532900.0,139860.0,9.2983
532910.0,147840.0,9.0703
532930.0,139390.0,9.3186
532930.0,147350.0,9.019
532940.0,146860.0,8.9699
532960.0,146360.0,8.9298
532970.0,138920.0,9.3233
532980.0,145870.0,8.9087
533000.0,145390.0,8.9107
533020.0,144910.0,8.9239
533040.0,144440.0,8.9465
533070.0,143980.0,8.9721
533090.0,143520.0,8.9978
533110.0,143070.0,9.024
533130.0,142630.0,9.052
533150.0,142180.0,9.0836
533180.0,141730.0,9.1208
533200.0,141270.0,9.1632
533230.0,140810.0,9.2086
533260.0,140350.0,9.2563
533260.0,151800.0,9.0263
533270.0,151290.0,9.0645
533280.0,150790.0,9.1475
533280.0,139890.0,9.2992
533290.0,150300.0,9.2503
533290.0,149810.0,9.3047
533300.0,149320.0,9.2958
533310.0,148830.0,9.248
533310.0,139420.0,9.3161
533320.0,148340.0,9.1769
533330.0,147850.0,9.1196
533340.0,138950.0,9.3194
533350.0,147360.0,9.0756
533360.0,146870.0,9.036
533370.0,146380.0,9.003
533390.0,145890.0,8.9829
533410.0,145400.0,8.982999999999999
533420.0,144920.0,8.9903
533440.0,144460.0,9.0045
533460.0,144000.0,9.0212
533480.0,143540.0,9.0383
533500.0,143090.0,9.0563
533520.0,142650.0,9.0767
533540.0,142200.0,9.1019
533570.0,141750.0,9.1343
533590.0,141290.0,9.1738
533610.0,140830.0,9.2171
533640.0,140370.0,9.2619
533660.0,139910.0,9.3016
533690.0,139440.0,9.3173
533700.0,151800.0,9.0063
533700.0,151300.0,9.0716
533710.0,150310.0,9.2723
533710.0,150800.0,9.1703
533720.0,149810.0,9.3335
533720.0,138970.0,9.3216
533720.0,149330.0,9.3296
533730.0,148840.0,9.29
533740.0,148350.0,9.2249
533750.0,147370.0,9.1331
533750.0,147860.0,9.1714
533760.0,146880.0,9.1014
533780.0,146390.0,9.0752
533790.0,145900.0,9.0587
533810.0,145420.0,9.0564
533820.0,144940.0,9.0593
533840.0,144470.0,9.0657
533860.0,144010.0,9.0737
533880.0,143560.0,9.0824
533890.0,143110.0,9.0923
533910.0,142660.0,9.1052
533930.0,142210.0,9.1239
533950.0,141760.0,9.1512
533970.0,141310.0,9.1873
533990.0,140850.0,9.2283
534020.0,140390.0,9.2699
534040.0,139930.0,9.3062
534070.0,139460.0,9.324
534090.0,138990.0,9.3327
534130.0,150800.0,9.1831
534130.0,150310.0,9.2843
534130.0,149820.0,9.3561
534130.0,151300.0,9.0853
534130.0,151800.0,9.014
534140.0,152300.0,9.0728
534140.0,148840.0,9.332
534140.0,148350.0,9.2746
534140.0,149330.0,9.361
534150.0,147870.0,9.2253
534160.0,146890.0,9.1658
534160.0,147380.0,9.1913
534170.0,146400.0,9.1453
534190.0,145910.0,9.1317
534200.0,145430.0,9.1262
534210.0,144950.0,9.1249
534230.0,144490.0,9.125
534250.0,144030.0,9.1257
534260.0,143570.0,9.1272
534280.0,143120.0,9.1303
534300.0,142680.0,9.1367
534310.0,142230.0,9.1493
534330.0,141780.0,9.1714
534350.0,141330.0,9.2036
534370.0,140870.0,9.2416
534390.0,140410.0,9.2798
534420.0,139950.0,9.3123
534440.0,139480.0,9.3292
534540.0,148840.0,9.3728
534540.0,149330.0,9.3944
534540.0,149820.0,9.3722
534550.0,150310.0,9.2876
534550.0,147380.0,9.25
534550.0,150800.0,9.1832
534550.0,151300.0,9.0979
534550.0,148360.0,9.3247
534550.0,147870.0,9.2806
534560.0,151790.0,9.0429
534560.0,146890.0,9.2289
534570.0,152290.0,9.0918
534570.0,146400.0,9.2118
534580.0,145920.0,9.1988
534590.0,145440.0,9.1899
534600.0,144960.0,9.184
534620.0,144500.0,9.1789
534630.0,144040.0,9.174
534650.0,143590.0,9.1691
534660.0,143140.0,9.1676
534680.0,142690.0,9.1697
534690.0,142240.0,9.1772
534710.0,141800.0,9.1941
534730.0,141340.0,9.2217
534750.0,140890.0,9.2559
534770.0,140430.0,9.2909
534790.0,139970.0,9.3198
534810.0,139500.0,9.3334
534940.0,147870.0,9.3371
534940.0,148840.0,9.4144
534940.0,148360.0,9.3765
534950.0,149330.0,9.427
534950.0,146900.0,9.2901
534950.0,149820.0,9.3877
534950.0,147380.0,9.3092
534960.0,150800.0,9.1773
534960.0,145930.0,9.2595
534960.0,146410.0,9.2739
534960.0,150300.0,9.2898
534970.0,151290.0,9.1057
534970.0,145450.0,9.2471
534980.0,151780.0,9.084
534990.0,144980.0,9.2368
535000.0,152280.0,9.1112
535000.0,144510.0,9.2271
535010.0,144050.0,9.2176
535030.0,143600.0,9.2082
535040.0,143150.0,9.2013
535060.0,142700.0,9.2016
535070.0,142260.0,9.2057
535090.0,141810.0,9.218
535100.0,141360.0,9.2406
535120.0,140900.0,9.2703
535140.0,140440.0,9.3016
535160.0,139980.0,9.326
535180.0,139520.0,9.3345
535340.0,147390.0,9.3691
535340.0,147870.0,9.3958
535340.0,146900.0,9.3501
535340.0,148840.0,9.4566
535340.0,148360.0,9.4308
535350.0,149320.0,9.4579
535350.0,146420.0,9.3328
535350.0,145930.0,9.3159
535360.0,149810.0,9.3952
535360.0,145460.0,9.2998
535360.0,150300.0,9.2808
535370.0,144980.0,9.2853
535380.0,150790.0,9.1713
535380.0,144520.0,9.2712
535390.0,151280.0,9.1067
535390.0,144060.0,9.2572
535400.0,151770.0,9.0873
535410.0,143610.0,9.2439
535420.0,143160.0,9.2323
535430.0,142720.0,9.2297
535450.0,142270.0,9.2319
535460.0,141820.0,9.2405
535480.0,141370.0,9.2582
535490.0,140920.0,9.2825
535510.0,140460.0,9.3079
535530.0,140000.0,9.3271
535550.0,139540.0,9.3332
535730.0,146900.0,9.4106
535730.0,147870.0,9.4574
535730.0,147390.0,9.4313
535730.0,146420.0,9.3907
535740.0,145460.0,9.3508
535740.0,148840.0,9.5019
535740.0,145940.0,9.3706
535740.0,148350.0,9.4863
535750.0,149320.0,9.4841
535750.0,144990.0,9.3322
535760.0,144530.0,9.3137
535760.0,149800.0,9.3971
535770.0,150290.0,9.2669
535770.0,144070.0,9.2949
535780.0,143620.0,9.2771
535790.0,150780.0,9.1624
535800.0,151260.0,9.1124
535800.0,143170.0,9.2613
535810.0,142730.0,9.2533
535820.0,142280.0,9.254
535820.0,151750.0,9.101
535830.0,141830.0,9.2591
535850.0,141380.0,9.2712
535860.0,140930.0,9.289
535880.0,140470.0,9.3089
535890.0,140010.0,9.3246
535910.0,139550.0,9.3266
536120.0,147380.0,9.4979
536120.0,146900.0,9.4744
536120.0,145940.0,9.427
536120.0,146420.0,9.4508
536130.0,145470.0,9.4032
536130.0,148350.0,9.5419
536130.0,147870.0,9.5226
536140.0,144540.0,9.3573
536140.0,145000.0,9.3804
536140.0,148830.0,9.5462
536150.0,149310.0,9.5033
536150.0,144080.0,9.3334
536160.0,143630.0,9.31
536170.0,143180.0,9.2893
536170.0,149790.0,9.3953
536180.0,150280.0,9.2563
536180.0,142740.0,9.2743
536190.0,142290.0,9.2703
536200.0,150760.0,9.1665
536200.0,141840.0,9.2721
536220.0,151250.0,9.1276
536220.0,141390.0,9.2782
536230.0,140940.0,9.29
536240.0,140490.0,9.3066
536260.0,140030.0,9.3144
536280.0,139570.0,9.3062
536510.0,146900.0,9.5451
536510.0,145940.0,9.4889
536510.0,146420.0,9.5173
536520.0,145470.0,9.4605
536520.0,145000.0,9.4331
536520.0,147380.0,9.5699
536520.0,147860.0,9.5892
536530.0,144090.0,9.3761
536530.0,148340.0,9.5982
536530.0,144540.0,9.4054
536540.0,143640.0,9.3464
536550.0,143190.0,9.3187
536550.0,148820.0,9.5824
536560.0,142740.0,9.2965
536560.0,149300.0,9.5159
536570.0,142300.0,9.2828
536580.0,141850.0,9.2788
536580.0,149780.0,9.389
536590.0,150260.0,9.243
536590.0,141400.0,9.2804
536600.0,140950.0,9.2874
536610.0,140500.0,9.298
536620.0,150740.0,9.1653
536620.0,140040.0,9.2951
536640.0,151230.0,9.1422
536640.0,139580.0,9.2682
536900.0,145470.0,9.5264
536900.0,145950.0,9.5599
536910.0,144550.0,9.4616
536910.0,145010.0,9.4941
536910.0,146420.0,9.5932
536910.0,146900.0,9.6229
536920.0,147370.0,9.6442
536920.0,144090.0,9.427
536920.0,143640.0,9.3906
536920.0,147850.0,9.6541
536930.0,143200.0,9.3543
536930.0,142750.0,9.3222
536940.0,142310.0,9.2978
536940.0,148330.0,9.6487
536950.0,141860.0,9.2835
536950.0,148810.0,9.6105
536960.0,141410.0,9.2783
536970.0,149280.0,9.5246
536970.0,140960.0,9.2805
536980.0,140510.0,9.2836
536990.0,149760.0,9.3839
536990.0,140050.0,9.2752
537000.0,139590.0,9.2441
537010.0,150240.0,9.2355
537040.0,150720.0,9.1598
537070.0,151200.0,9.1546
537300.0,144100.0,9.4899
537300.0,144550.0,9.5289
537300.0,145940.0,9.6406
537300.0,145010.0,9.5655
537300.0,145470.0,9.6023
537300.0,143650.0,9.4471
537300.0,146420.0,9.6761
537310.0,146890.0,9.7023
537310.0,142760.0,9.3571
537310.0,143200.0,9.4015
537320.0,142310.0,9.318999999999999
537320.0,147370.0,9.7139
537330.0,141420.0,9.2748
537330.0,147840.0,9.7139
537330.0,141870.0,9.2916
537340.0,140970.0,9.2681
537340.0,148320.0,9.6882
537350.0,140520.0,9.2672
537360.0,148790.0,9.6317
537360.0,140060.0,9.2609
537370.0,139600.0,9.2419
537380.0,149270.0,9.5312
537400.0,149740.0,9.3837
537430.0,150220.0,9.2372
537460.0,150690.0,9.1529
537690.0,145940.0,9.7253
537690.0,145470.0,9.6857
537690.0,142760.0,9.4065
537690.0,144550.0,9.6065
537690.0,143200.0,9.4636
537690.0,143650.0,9.5172
537690.0,145010.0,9.6459
537690.0,144100.0,9.5646
537700.0,146410.0,9.7561
537700.0,142320.0,9.3515
537700.0,141870.0,9.3065
537710.0,141420.0,9.2749
537710.0,140970.0,9.2547
537710.0,146880.0,9.7718
537720.0,147360.0,9.7756
537720.0,140520.0,9.2504
537730.0,140070.0,9.2509
537730.0,147830.0,9.7583
537740.0,139610.0,9.2447
537750.0,148300.0,9.7172
537770.0,148770.0,9.6468
537790.0,149250.0,9.5356
537820.0,149720.0,9.3803
537850.0,150190.0,9.2353
537890.0,150660.0,9.1506
538080.0,143650.0,9.5949
538080.0,141870.0,9.3319
538080.0,144550.0,9.6879
538080.0,141430.0,9.2812
538080.0,142760.0,9.4689
538080.0,143210.0,9.536
538080.0,145010.0,9.7281
538080.0,144100.0,9.6447
538080.0,142320.0,9.3977
538090.0,140980.0,9.2452
538090.0,140530.0,9.2354
538090.0,145470.0,9.7671
538090.0,145930.0,9.8005
538090.0,140080.0,9.2411
538100.0,146400.0,9.8208
538100.0,139620.0,9.245
538110.0,146870.0,9.8273
538130.0,147340.0,9.8191
538140.0,147820.0,9.789
538160.0,148290.0,9.7374
538180.0,148750.0,9.6578
538210.0,149220.0,9.5384
538240.0,149690.0,9.3783
538280.0,150160.0,9.2358
538320.0,150630.0,9.1563
538460.0,140980.0,9.2405
538460.0,142760.0,9.5338
538460.0,141870.0,9.3666
538460.0,143650.0,9.667
538460.0,143210.0,9.606
538460.0,144100.0,9.7178
538460.0,140080.0,9.2318
538460.0,141430.0,9.2935
538460.0,140530.0,9.2242
538460.0,142320.0,9.4516
538470.0,139630.0,9.2432
538470.0,144550.0,9.7614
538470.0,145000.0,9.8003
538480.0,145460.0,9.8337
538490.0,145930.0,9.8565
538500.0,146390.0,9.8653
538510.0,146860.0,9.8655
538530.0,147330.0,9.8463
538550.0,147800.0,9.8097
538570.0,148270.0,9.7526
538600.0,148730.0,9.6679
538630.0,149200.0,9.5441
538660.0,149660.0,9.3806
538700.0,150120.0,9.2392
538750.0,150590.0,9.1655
538830.0,140980.0,9.2398
538830.0,140530.0,9.2169
538830.0,140080.0,9.225
538830.0,141870.0,9.404
538830.0,141430.0,9.3102
538830.0,139630.0,9.2416
538840.0,143200.0,9.6615
538840.0,142760.0,9.5885
538840.0,142320.0,9.5018
538850.0,144090.0,9.7732
538850.0,143650.0,9.7224
538860.0,144540.0,9.816
538870.0,145000.0,9.8515
538880.0,145460.0,9.8767
538890.0,145920.0,9.8901
538900.0,146380.0,9.8934
538920.0,146850.0,9.8862
538940.0,147310.0,9.8632
538960.0,147780.0,9.8239
538980.0,148240.0,9.7646
539010.0,148700.0,9.6784
539050.0,149170.0,9.5546
539080.0,149620.0,9.3909
539130.0,150080.0,9.2436
539170.0,150540.0,9.1734
539180.0,139630.0,9.2402
539190.0,140530.0,9.2123
539190.0,140080.0,9.2196
539200.0,141870.0,9.4361
539200.0,141420.0,9.327
539200.0,140980.0,9.2415
539210.0,142310.0,9.5397
539220.0,143200.0,9.6979
539220.0,142760.0,9.6263
539230.0,143640.0,9.7577
539240.0,144540.0,9.8475
539240.0,144090.0,9.8073
539260.0,144990.0,9.8781
539270.0,145450.0,9.8978
539280.0,145910.0,9.9064
539300.0,146370.0,9.9075
539320.0,146830.0,9.8978
539340.0,147290.0,9.8736
539360.0,147760.0,9.8333
539390.0,148220.0,9.7738
539420.0,148670.0,9.6885
539460.0,149130.0,9.5673
539500.0,149590.0,9.4047
539540.0,139630.0,9.2378
539540.0,140080.0,9.2153
539550.0,150040.0,9.2445
539550.0,140520.0,9.209
539560.0,140970.0,9.2431
539570.0,141860.0,9.4585
539570.0,141420.0,9.3398
539580.0,142310.0,9.5632
539590.0,142750.0,9.6471
539600.0,150490.0,9.1731
539600.0,143190.0,9.7153
539610.0,143630.0,9.7718
539620.0,144080.0,9.8186
539630.0,144530.0,9.8562
539640.0,144980.0,9.8848
539650.0,145430.0,9.9037
539670.0,145890.0,9.9118
539690.0,146350.0,9.9128
539710.0,146810.0,9.9028
539740.0,147270.0,9.8781
539760.0,147730.0,9.8373
539800.0,148190.0,9.777999999999999
539830.0,148640.0,9.6937
539870.0,149090.0,9.5745
539890.0,139620.0,9.2349
539900.0,140070.0,9.2123
539910.0,140520.0,9.2065
539920.0,140960.0,9.2429
539920.0,149540.0,9.416
539930.0,141410.0,9.3455
539940.0,141860.0,9.4669
539950.0,142300.0,9.5685
539960.0,142740.0,9.6489
539970.0,149990.0,9.2495
539970.0,143180.0,9.7152
539980.0,143630.0,9.7709
539990.0,144070.0,9.8173
540010.0,144520.0,9.8547
540020.0,150440.0,9.1545
540020.0,144970.0,9.8834
540040.0,145420.0,9.9025
540060.0,145880.0,9.9111
540080.0,150880.0,9.1277
540080.0,146330.0,9.9123
540100.0,146790.0,9.9032
540130.0,147250.0,9.8782
540160.0,147700.0,9.8368
540200.0,148160.0,9.7772
540230.0,139620.0,9.232000000000001
540240.0,140060.0,9.2105
540240.0,148610.0,9.6931
540260.0,140510.0,9.2045
540270.0,140960.0,9.2391
540280.0,141400.0,9.3424
540280.0,149050.0,9.5746
540300.0,141850.0,9.4632
540310.0,142290.0,9.5638
540320.0,142730.0,9.6429
540330.0,149500.0,9.4206
540340.0,143170.0,9.7079
540350.0,143610.0,9.763
540370.0,144060.0,9.8094
540380.0,149940.0,9.2696
540380.0,144500.0,9.8475
540400.0,144950.0,9.8776
540420.0,145400.0,9.8978
540440.0,145860.0,9.9068
540440.0,150380.0,9.1887
540470.0,146310.0,9.9081
540490.0,146770.0,9.8983
540510.0,150810.0,9.1617
540520.0,147220.0,9.8714
540560.0,147670.0,9.8279
540570.0,139600.0,9.2319
540590.0,140050.0,9.2105
540600.0,148120.0,9.7661
540610.0,140500.0,9.2034
540620.0,140940.0,9.2332
540640.0,141390.0,9.3354
540640.0,148570.0,9.6786
540650.0,141830.0,9.4535
540670.0,142280.0,9.5518
540680.0,149010.0,9.5585
540690.0,142720.0,9.6294
540700.0,143160.0,9.6937
540720.0,143600.0,9.749
540740.0,149450.0,9.4153
540740.0,144040.0,9.7969
540760.0,144490.0,9.8369
540780.0,144930.0,9.8683
540790.0,149880.0,9.2866
540800.0,145380.0,9.8891
540820.0,145840.0,9.898
540850.0,146290.0,9.8991
540860.0,150310.0,9.2152
540880.0,146740.0,9.8873
540910.0,139590.0,9.2351
540920.0,147190.0,9.8576
540930.0,150740.0,9.1892
540930.0,140030.0,9.2126
540950.0,140480.0,9.2031
540950.0,147640.0,9.811
540970.0,140930.0,9.2259
540990.0,141380.0,9.3238
541000.0,148090.0,9.7447
541010.0,141820.0,9.4379
541030.0,142260.0,9.5343
541040.0,148530.0,9.652000000000001
541050.0,142710.0,9.6115
541070.0,143150.0,9.6763
541090.0,143590.0,9.7332
541090.0,148960.0,9.5316
541110.0,144030.0,9.7834
541130.0,144470.0,9.825
541140.0,149400.0,9.3996
541150.0,144910.0,9.8565
541180.0,145360.0,9.8763
541210.0,149820.0,9.29
541210.0,145810.0,9.8839
541240.0,146260.0,9.884
541240.0,139570.0,9.2381
541270.0,140020.0,9.2138
541270.0,150240.0,9.2219
541270.0,146710.0,9.8686
541290.0,140460.0,9.2026
541310.0,147160.0,9.8345
541320.0,140910.0,9.2182
541340.0,141360.0,9.3087
541340.0,150660.0,9.1933
541350.0,147600.0,9.7826
541360.0,141800.0,9.419
541380.0,142250.0,9.5148
541400.0,148040.0,9.7094
541410.0,142690.0,9.5933
541430.0,143130.0,9.66
541440.0,148480.0,9.6111
541450.0,143570.0,9.7195
541480.0,144010.0,9.7716
541500.0,148910.0,9.4934
541500.0,144450.0,9.8133
541530.0,144890.0,9.8424
541560.0,145340.0,9.8588
541560.0,149340.0,9.3754
541590.0,145780.0,9.8638
541600.0,140000.0,9.2128
541620.0,149760.0,9.2776
541630.0,146230.0,9.8617
541630.0,140440.0,9.2005
541660.0,140890.0,9.2116
541660.0,146680.0,9.8407
541690.0,150170.0,9.207
541690.0,141340.0,9.2944
541710.0,147120.0,9.8006
541710.0,141780.0,9.4022
541740.0,142230.0,9.4991
541750.0,147560.0,9.7414
541760.0,150580.0,9.1721
541760.0,142670.0,9.5805
541790.0,143110.0,9.6502
541800.0,148000.0,9.661
541820.0,143550.0,9.7113
541850.0,148430.0,9.5606
541850.0,143980.0,9.7625
541880.0,144420.0,9.8008
541910.0,144870.0,9.8253
541910.0,148860.0,9.4509
541940.0,145310.0,9.8366
541940.0,139970.0,9.2039
541970.0,149280.0,9.3456
541970.0,140420.0,9.1961
541980.0,145750.0,9.8387
542000.0,140870.0,9.2075
542020.0,146200.0,9.8309
542030.0,141320.0,9.2862
542040.0,149690.0,9.249
542060.0,141760.0,9.3933
542060.0,146640.0,9.8028
542090.0,142200.0,9.4929
542110.0,147080.0,9.7555
542110.0,150100.0,9.1703
542120.0,142640.0,9.5778
542150.0,147520.0,9.6889
542150.0,143080.0,9.6493
542190.0,143520.0,9.7086
542190.0,150490.0,9.1319
542210.0,147950.0,9.6038
542220.0,143960.0,9.7551
542250.0,144400.0,9.7868
542270.0,148370.0,9.506
542270.0,139940.0,9.1953
542290.0,144840.0,9.8043
542300.0,140400.0,9.1908
542330.0,145280.0,9.8099
542330.0,148790.0,9.4041
542340.0,140840.0,9.2053
542370.0,145720.0,9.8086
542380.0,141290.0,9.2826
542390.0,149210.0,9.3012
542410.0,141740.0,9.3912
542410.0,146160.0,9.7918
542450.0,142180.0,9.4939
542460.0,146600.0,9.7562
542460.0,149620.0,9.1974
542480.0,142620.0,9.5809
542510.0,147030.0,9.7014
542520.0,143050.0,9.6524
542530.0,150010.0,9.1176
542550.0,143490.0,9.7082
542560.0,147460.0,9.6291
542590.0,143930.0,9.7472
542600.0,139910.0,9.1909
542610.0,150400.0,9.093
542620.0,147890.0,9.5425
542630.0,144360.0,9.7702
542640.0,140370.0,9.1872
542670.0,144800.0,9.7796
542680.0,148310.0,9.4466
542680.0,140820.0,9.205
542710.0,145240.0,9.7807
542720.0,141260.0,9.2813
542750.0,148730.0,9.3433
542760.0,141710.0,9.3931
542760.0,145680.0,9.7723
542800.0,142150.0,9.4997
542810.0,146110.0,9.7464
542820.0,149140.0,9.2349
542840.0,142590.0,9.5877
542860.0,146550.0,9.7027
542880.0,143020.0,9.6566
542890.0,149540.0,9.133
542920.0,146980.0,9.6417
542920.0,143460.0,9.7062
542930.0,139880.0,9.1911
542960.0,143890.0,9.7365
542970.0,140330.0,9.1872
542970.0,149930.0,9.0726
542980.0,147410.0,9.5658
543010.0,144330.0,9.7499
543020.0,140780.0,9.2053
543040.0,147830.0,9.4767
543050.0,144760.0,9.7526
543060.0,141230.0,9.2816
543100.0,145200.0,9.7488
543110.0,141670.0,9.3982
543110.0,148240.0,9.3757
543150.0,145630.0,9.7308
543150.0,142110.0,9.5087
543180.0,148650.0,9.2654
543200.0,142550.0,9.596
543210.0,146060.0,9.6965
543240.0,142990.0,9.6595
543250.0,149060.0,9.1588
543260.0,139840.0,9.1943
543270.0,146490.0,9.6446
543290.0,143420.0,9.7007
543310.0,140300.0,9.1905
543330.0,146920.0,9.5781
543330.0,149450.0,9.0775
543340.0,143850.0,9.7215
543360.0,140750.0,9.2067
543390.0,144280.0,9.7272
543390.0,147340.0,9.498
543400.0,149840.0,9.0367
543410.0,141190.0,9.2812
543440.0,144720.0,9.7258
543460.0,141640.0,9.4017
543460.0,147760.0,9.4031
543490.0,145150.0,9.7124
543510.0,142080.0,9.5156
543530.0,148170.0,9.295
543550.0,145580.0,9.6864
543560.0,142510.0,9.6012
543580.0,139800.0,9.2014
543610.0,148580.0,9.1843
543610.0,142950.0,9.6585
543610.0,146010.0,9.6434
543640.0,140260.0,9.1986
543660.0,143380.0,9.6913
543670.0,146430.0,9.5839
543680.0,148970.0,9.095
543700.0,140710.0,9.2099
543710.0,143810.0,9.7041
543740.0,146860.0,9.5116
543750.0,141150.0,9.2772
543760.0,149360.0,9.0416
543770.0,144240.0,9.7056
543800.0,141600.0,9.3994
543810.0,147270.0,9.4271
543820.0,144670.0,9.6964
543850.0,149740.0,9.0155
543860.0,142030.0,9.5175
543880.0,147690.0,9.3289
543880.0,145090.0,9.6755
543910.0,142470.0,9.6024
543910.0,139760.0,9.2132
543950.0,145520.0,9.6411
543960.0,148090.0,9.2208
543970.0,140210.0,9.2126
543970.0,142900.0,9.6546
544010.0,145950.0,9.5903
544030.0,143330.0,9.6797
544030.0,140660.0,9.2173
544040.0,148490.0,9.1197
544080.0,146370.0,9.5245
544090.0,143760.0,9.6866
544090.0,141110.0,9.2719
544120.0,148880.0,9.0525
544150.0,146790.0,9.4476
544150.0,141550.0,9.3924
544150.0,144180.0,9.685
544200.0,149270.0,9.0233
544210.0,141990.0,9.5152
544210.0,144610.0,9.6679
544230.0,147200.0,9.3617
544240.0,139710.0,9.23
544270.0,142420.0,9.601
544280.0,145040.0,9.6397
544310.0,140170.0,9.2307
544310.0,147610.0,9.2665
544330.0,142850.0,9.6489
544340.0,145460.0,9.5976
544370.0,140620.0,9.2301
544390.0,148010.0,9.1677
544400.0,143280.0,9.6681
544410.0,145880.0,9.5409
544440.0,141060.0,9.2695
544460.0,143700.0,9.6719
544470.0,148400.0,9.0876
544490.0,146300.0,9.4717
544500.0,141500.0,9.3831
544530.0,144130.0,9.6656
544560.0,148790.0,9.0532
544560.0,141940.0,9.5114
544570.0,146710.0,9.3949
544600.0,144550.0,9.6418
544630.0,142370.0,9.599
544640.0,140120.0,9.2466
544650.0,147120.0,9.3158
544670.0,144970.0,9.6069
544700.0,142790.0,9.6434
544710.0,140570.0,9.2449
544730.0,147520.0,9.2373
544740.0,145390.0,9.5591
544770.0,143220.0,9.6582
544780.0,141010.0,9.273
544810.0,147910.0,9.1628
544820.0,145810.0,9.4991
544840.0,143640.0,9.66
544850.0,141450.0,9.3749
544900.0,146220.0,9.4306
544900.0,148300.0,9.101
544910.0,144060.0,9.6483
544920.0,141880.0,9.5075
544980.0,146630.0,9.3604
544980.0,144480.0,9.6188
544980.0,140070.0,9.2651
544990.0,148680.0,9.0659
544990.0,142310.0,9.5972
545050.0,140510.0,9.2625
545060.0,144900.0,9.5783
545060.0,147030.0,9.2949
545060.0,142730.0,9.6383
545120.0,140950.0,9.2853
545140.0,145320.0,9.5269
545140.0,143160.0,9.6497
545150.0,147430.0,9.2352
545200.0,141390.0,9.3726
545210.0,143580.0,9.6499
545220.0,145730.0,9.4662
545240.0,147820.0,9.1789
545270.0,141820.0,9.5051
545290.0,143990.0,9.6331
545310.0,140010.0,9.2913
545310.0,146140.0,9.4018
545330.0,148200.0,9.125
545350.0,142250.0,9.5955
545370.0,144410.0,9.599
545390.0,146540.0,9.3419
545390.0,140460.0,9.2873
545420.0,142670.0,9.6334
545430.0,148570.0,9.0897
545450.0,144820.0,9.5547
545460.0,140890.0,9.3074
545480.0,146940.0,9.2917
545500.0,143090.0,9.6423
545530.0,145230.0,9.5015
545540.0,141330.0,9.3812
545560.0,139510.0,9.3282
545570.0,147330.0,9.2484
545580.0,143510.0,9.6412
545620.0,145640.0,9.4423
545620.0,141760.0,9.5063
545640.0,139950.0,9.3251
545670.0,143920.0,9.6199
545670.0,147710.0,9.204
545700.0,142180.0,9.5947
545710.0,146050.0,9.3841
545720.0,140390.0,9.3219
545750.0,144330.0,9.5824
545760.0,148090.0,9.1509
545790.0,142600.0,9.629
545800.0,146450.0,9.3348
545810.0,140830.0,9.3388
545840.0,144740.0,9.5354
545860.0,148460.0,9.0899
545870.0,143020.0,9.636000000000001
545890.0,141260.0,9.4008
545890.0,139450.0,9.3515
545900.0,146840.0,9.2971
545930.0,145150.0,9.4817
545960.0,143430.0,9.6332
545960.0,148820.0,9.0511
545970.0,141690.0,9.5128
545980.0,139890.0,9.3687
545990.0,147230.0,9.2664
546020.0,145550.0,9.425
546040.0,143840.0,9.6081
546060.0,142110.0,9.5956
546060.0,140330.0,9.3731
546090.0,147610.0,9.2336
546110.0,145950.0,9.3731
546130.0,144250.0,9.5681
546150.0,140760.0,9.3831
546150.0,142520.0,9.6264
546190.0,147980.0,9.187000000000001
546210.0,146350.0,9.3336
546230.0,144660.0,9.5193
546230.0,139390.0,9.3892
546240.0,142940.0,9.6319
546240.0,141190.0,9.4289
546290.0,148340.0,9.1209
546310.0,139830.0,9.4418
546310.0,146730.0,9.3065
546320.0,145060.0,9.4652
546320.0,141610.0,9.5235
546330.0,143350.0,9.626
546390.0,148700.0,9.0559
546400.0,140260.0,9.4487
546410.0,142030.0,9.5995
546410.0,147120.0,9.2841
546420.0,143760.0,9.5976
546420.0,145460.0,9.4109
546490.0,149050.0,9.016
546490.0,140690.0,9.4473
546510.0,144160.0,9.5555
546510.0,142450.0,9.6275
546510.0,147490.0,9.2557
546520.0,145850.0,9.3652
546560.0,139320.0,9.429
546580.0,141120.0,9.4705
546600.0,142860.0,9.6317
546610.0,144560.0,9.505
546610.0,147860.0,9.2107
546620.0,146240.0,9.3347
546650.0,139760.0,9.5496
546670.0,141540.0,9.5421
546690.0,143260.0,9.6199
546710.0,148220.0,9.148
546710.0,144960.0,9.4506
546720.0,146630.0,9.3157
546740.0,140190.0,9.5424
546770.0,141950.0,9.6088
546790.0,143670.0,9.5889
546810.0,145360.0,9.3986
546820.0,148580.0,9.0797
546820.0,147010.0,9.2972
546830.0,140620.0,9.5275
546860.0,142360.0,9.633
546890.0,144070.0,9.5442
546910.0,145750.0,9.3593
546920.0,147380.0,9.2654
546920.0,148920.0,9.031
546930.0,141040.0,9.531
546960.0,142770.0,9.6353
546980.0,139690.0,9.6955
546990.0,144470.0,9.4917
547020.0,146140.0,9.3367
547020.0,141460.0,9.574
547030.0,147740.0,9.2136
547060.0,143170.0,9.6179
547080.0,140120.0,9.6529
547100.0,144860.0,9.4367
547120.0,146520.0,9.3228
547120.0,141870.0,9.6257
547140.0,148100.0,9.1521
547160.0,143580.0,9.5821
547170.0,140540.0,9.6101
547200.0,145250.0,9.3875
547220.0,142280.0,9.6435
547230.0,146890.0,9.3044
547240.0,148450.0,9.1122
547270.0,140960.0,9.5986
547270.0,143970.0,9.5345
547310.0,145640.0,9.3551
547320.0,139610.0,9.8074
547320.0,142680.0,9.642999999999999
547340.0,147260.0,9.2674
547370.0,144370.0,9.4795
547370.0,141370.0,9.6183
547410.0,146020.0,9.3395
547420.0,140040.0,9.7648
547430.0,143080.0,9.6199
547440.0,147620.0,9.2127
547480.0,141780.0,9.6498
547480.0,144760.0,9.4231
547520.0,140460.0,9.6982
547520.0,146400.0,9.3285
547530.0,143480.0,9.5797
547550.0,147970.0,9.1602
547580.0,142190.0,9.6605
547590.0,145150.0,9.3775
547620.0,140870.0,9.6606
547630.0,146770.0,9.307
547640.0,143870.0,9.5277
547660.0,139540.0,9.8753
547660.0,148320.0,9.1387
547690.0,142590.0,9.6536
547700.0,145530.0,9.3531
547730.0,141280.0,9.6633
547740.0,147140.0,9.2639
547750.0,144260.0,9.4694
547760.0,139960.0,9.8502
547790.0,142980.0,9.6272
547810.0,145910.0,9.3438
547830.0,141690.0,9.6773
547850.0,147490.0,9.2096
547860.0,144650.0,9.4118
547860.0,140370.0,9.7864
547900.0,143380.0,9.5836
547900.0,139030.0,9.8951
547920.0,146280.0,9.3342
547940.0,142090.0,9.6802
547960.0,147840.0,9.1758
547970.0,140780.0,9.7193
547970.0,145040.0,9.372
548000.0,139450.0,9.9181
548010.0,143770.0,9.5274
548030.0,146650.0,9.3056
548050.0,142490.0,9.6684
548080.0,141190.0,9.7032
548090.0,145420.0,9.3563
548100.0,139870.0,9.9074
548130.0,144150.0,9.4629
548140.0,147010.0,9.254
548160.0,142880.0,9.6392
548190.0,141590.0,9.7051
548200.0,145790.0,9.3513
548210.0,140280.0,9.855
548230.0,138950.0,9.9425
548240.0,144540.0,9.4038
548260.0,147370.0,9.2026
548270.0,143270.0,9.5931
548300.0,141990.0,9.7011
548310.0,146160.0,9.3418
548320.0,140690.0,9.7782
548340.0,139370.0,9.9592
548360.0,144920.0,9.3709
548370.0,147710.0,9.1804
548390.0,143660.0,9.533999999999999
548410.0,142380.0,9.6869
548430.0,146530.0,9.3033
548430.0,141090.0,9.7424
548450.0,139780.0,9.9462
548470.0,145300.0,9.3637
548510.0,144040.0,9.4657
548530.0,142770.0,9.6566
548540.0,146880.0,9.2444
548550.0,141490.0,9.735
548560.0,140190.0,9.9009
548570.0,138860.0,9.9777
548590.0,145670.0,9.3641
548620.0,144420.0,9.4042
548650.0,143160.0,9.6096
548660.0,141880.0,9.726
548660.0,147240.0,9.2012
548670.0,140590.0,9.832
548680.0,139280.0,9.9885
548710.0,146040.0,9.354
548740.0,144800.0,9.3774
548760.0,143540.0,9.5483
548770.0,147580.0,9.1882
548780.0,142270.0,9.7101
548790.0,140990.0,9.7878
548800.0,139690.0,9.9739
548820.0,146400.0,9.3094
548860.0,145170.0,9.3759
548880.0,143920.0,9.4759
548900.0,142660.0,9.68
548910.0,140090.0,9.9379
548910.0,141380.0,9.7719
548920.0,138770.0,9.9964
548940.0,146760.0,9.2485
548980.0,145540.0,9.3808
549010.0,144300.0,9.4118
549020.0,143040.0,9.6338
549020.0,141770.0,9.758
549030.0,139180.0,10.004
549030.0,140490.0,9.8853
549060.0,147110.0,9.2121
549100.0,145910.0,9.3702
549130.0,144680.0,9.388
549140.0,142160.0,9.7398
549140.0,143420.0,9.5726
549150.0,139590.0,9.994
549150.0,140880.0,9.8426
549220.0,146270.0,9.3217
549250.0,145050.0,9.3941
549260.0,138680.0,10.005
549260.0,143800.0,9.4977
549260.0,139990.0,9.9711
549270.0,142540.0,9.71
549270.0,141270.0,9.8185
549340.0,146620.0,9.2572
549370.0,145410.0,9.4013
549380.0,139080.0,10.008
549380.0,140380.0,9.9353
549390.0,144180.0,9.4298
549390.0,141660.0,9.7987
549390.0,142920.0,9.6661
549460.0,146970.0,9.214
549490.0,145780.0,9.3889
549500.0,139480.0,10.004
549510.0,144550.0,9.4052
549510.0,140770.0,9.9007
549510.0,142040.0,9.7769
549520.0,143300.0,9.607999999999999
549610.0,138580.0,10.008
549620.0,139880.0,9.9947
549620.0,146130.0,9.3324
549630.0,141160.0,9.8732
549640.0,142420.0,9.7479
549640.0,143670.0,9.5343
549640.0,144920.0,9.4158
549730.0,138980.0,10.008
549740.0,146490.0,9.2493
549740.0,140270.0,9.9739
549750.0,141540.0,9.8478
549760.0,145280.0,9.4248
549760.0,142800.0,9.7075
549770.0,144050.0,9.4625
549850.0,139370.0,10.006
549860.0,146830.0,9.1727
549870.0,140660.0,9.9492
549880.0,141920.0,9.822000000000001
549890.0,143170.0,9.6549
549890.0,145640.0,9.4123
549900.0,144410.0,9.4326
549960.0,138470.0,10.007
549980.0,147170.0,9.1216
549980.0,139770.0,10.003
549990.0,141040.0,9.926
550010.0,142290.0,9.7939
550010.0,146000.0,9.3527
550020.0,143540.0,9.5869
550030.0,144780.0,9.4409
550090.0,138870.0,9.9954
550100.0,140150.0,9.9949
550120.0,141420.0,9.9004
550140.0,146350.0,9.2618
550140.0,142670.0,9.7578
550150.0,143910.0,9.514
550160.0,145140.0,9.451
550210.0,139260.0,9.9922
550230.0,140540.0,9.9805
550250.0,141790.0,9.8732
550260.0,146690.0,9.1816
550270.0,143040.0,9.7118
550280.0,145500.0,9.4415
550290.0,144280.0,9.4734
550320.0,138360.0,10.004
550340.0,139650.0,9.9972
550360.0,140910.0,9.9646
550380.0,142160.0,9.8458
550380.0,147030.0,9.1467
550410.0,143400.0,9.6524
550410.0,145850.0,9.3869
550420.0,144640.0,9.4719
550440.0,138750.0,9.9773
550470.0,140030.0,9.9977
550490.0,141290.0,9.9447
550520.0,142530.0,9.8132
550540.0,146200.0,9.2997
550540.0,143770.0,9.5826
550550.0,145000.0,9.4809
550570.0,139140.0,9.9614
550600.0,140410.0,9.991
550620.0,141660.0,9.9209
550650.0,142900.0,9.772
550660.0,146550.0,9.2212
550670.0,144140.0,9.5282
550670.0,138250.0,10.002
550680.0,145360.0,9.474
550700.0,139530.0,9.9652
550730.0,140790.0,9.9824
550760.0,142030.0,9.8949
550790.0,146890.0,9.192
550790.0,143260.0,9.72
550800.0,138640.0,9.9523
550810.0,145710.0,9.4279
550810.0,144500.0,9.5121
550830.0,139910.0,9.9754
550860.0,141150.0,9.9709
550890.0,142390.0,9.8638
550920.0,143630.0,9.6557
550930.0,139020.0,9.9217
550940.0,144860.0,9.5148
550940.0,146060.0,9.3502
550970.0,140280.0,9.9783
551000.0,141520.0,9.9545
551030.0,142760.0,9.8245
551060.0,143990.0,9.5925
551070.0,139400.0,9.9186
551070.0,146400.0,9.2727
551080.0,145210.0,9.5068
551100.0,140650.0,9.9761
551130.0,141890.0,9.9317
551160.0,138510.0,9.9143
551170.0,143120.0,9.7761
551190.0,146740.0,9.235
551200.0,144350.0,9.5584
551200.0,139780.0,9.9326
551210.0,145560.0,9.4675
551230.0,141020.0,9.9688
551270.0,142250.0,9.9009
551300.0,138890.0,9.8793
551310.0,143480.0,9.7164
551330.0,140150.0,9.9451
551340.0,145910.0,9.3985
551340.0,144710.0,9.55
551370.0,141380.0,9.9558
551410.0,142610.0,9.8615
551430.0,139270.0,9.8639
551450.0,143840.0,9.6512
551470.0,145060.0,9.5378
551470.0,146250.0,9.3215
551470.0,140510.0,9.9511
551510.0,141740.0,9.9368
551520.0,138390.0,9.8833
551550.0,142970.0,9.814
551570.0,139640.0,9.8757
551590.0,144200.0,9.604
551600.0,146590.0,9.2764
551610.0,145410.0,9.5005
551610.0,140880.0,9.95
551650.0,142100.0,9.9087
551660.0,138760.0,9.8382
551690.0,143330.0,9.7572
551700.0,140010.0,9.8942
551730.0,137880.0,9.8963
551730.0,144550.0,9.5838
551740.0,145750.0,9.4348
551750.0,141240.0,9.9417
551790.0,142460.0,9.8705
551790.0,139140.0,9.8111
551840.0,140370.0,9.9071
551840.0,143690.0,9.6929
551870.0,146090.0,9.3525
551870.0,144900.0,9.5648
551870.0,138260.0,9.8645
551890.0,141590.0,9.9257
551930.0,139510.0,9.8181
551940.0,142820.0,9.8239
551980.0,140730.0,9.9125
551980.0,144040.0,9.6417
552000.0,146430.0,9.2775
552010.0,145250.0,9.5255
552020.0,138630.0,9.7969
552030.0,141950.0,9.9004
552070.0,139870.0,9.8369
552080.0,143180.0,9.7706
552090.0,137750.0,9.8794
552120.0,141090.0,9.9081
552120.0,144400.0,9.6128
552130.0,146760.0,9.2145
552140.0,145600.0,9.4584
552160.0,139000.0,9.7631
552170.0,142310.0,9.8649
552210.0,140230.0,9.8529
552230.0,143530.0,9.7151
552230.0,138120.0,9.8316
552260.0,141440.0,9.8956
552260.0,144750.0,9.5841
552280.0,145940.0,9.3713
552300.0,139370.0,9.767999999999999
552320.0,142660.0,9.8202
552350.0,140580.0,9.8622
552370.0,138490.0,9.7526
552370.0,143890.0,9.6677
552400.0,145090.0,9.5352
552410.0,146270.0,9.2865
552410.0,141800.0,9.8747
552430.0,137610.0,9.8584
552440.0,139730.0,9.7851
552470.0,143020.0,9.7693
552500.0,140940.0,9.8616
552510.0,144240.0,9.6301
552520.0,138860.0,9.7184
552540.0,146600.0,9.2359
552540.0,145440.0,9.4682
552560.0,142150.0,9.8443
552580.0,137980.0,9.804
552580.0,140080.0,9.8011
552610.0,143370.0,9.7175
552640.0,141290.0,9.8527
552660.0,139220.0,9.7244
552660.0,144590.0,9.5875
552680.0,145770.0,9.388
552700.0,142500.0,9.8046
552730.0,138350.0,9.7187
552730.0,140430.0,9.8113
552760.0,143720.0,9.672
552780.0,137470.0,9.8443
552790.0,141640.0,9.8362
552800.0,144930.0,9.5342
552810.0,139580.0,9.7416
552820.0,146110.0,9.3122
552850.0,142860.0,9.759
552870.0,140780.0,9.8138
552880.0,138710.0,9.6788
552910.0,144070.0,9.6301
552930.0,137840.0,9.7934
552940.0,145270.0,9.4681
552940.0,141990.0,9.8113
552950.0,146440.0,9.277999999999999
552950.0,139930.0,9.7578
553000.0,143210.0,9.7119
553020.0,141130.0,9.8081
553030.0,139070.0,9.6845
553050.0,144420.0,9.583
553080.0,145610.0,9.4006
553090.0,142340.0,9.7773
553090.0,138210.0,9.704
553100.0,140280.0,9.7683
553130.0,137330.0,9.8404
553150.0,143560.0,9.666
553170.0,139430.0,9.7033
553170.0,141480.0,9.7952
553200.0,144760.0,9.5263
553220.0,145940.0,9.3459
553240.0,138570.0,9.6488
553240.0,142690.0,9.7366
553250.0,140620.0,9.7719
553290.0,137690.0,9.7988
553300.0,143910.0,9.6193
553320.0,141820.0,9.7735
553320.0,139770.0,9.7209
553340.0,145100.0,9.464
553360.0,146280.0,9.326
553390.0,138920.0,9.6495
553390.0,143040.0,9.6921
553400.0,140970.0,9.7678
553440.0,138050.0,9.7032
553450.0,144250.0,9.5667
553470.0,142170.0,9.7423
553470.0,140120.0,9.7318
553480.0,145440.0,9.4102
553540.0,143390.0,9.6434
553540.0,139270.0,9.667
553550.0,141310.0,9.7557
553600.0,138410.0,9.6321
553600.0,144590.0,9.5107
553620.0,142520.0,9.7025
553620.0,140460.0,9.7352
553630.0,145770.0,9.381
553640.0,137540.0,9.7187
553690.0,139610.0,9.6861
553690.0,143740.0,9.5912
553700.0,141660.0,9.7339
553740.0,144930.0,9.4581
553750.0,138760.0,9.6224
553760.0,146110.0,9.3806
553770.0,140800.0,9.731
553780.0,142870.0,9.6556
553800.0,137900.0,9.674
553840.0,139950.0,9.6978
553850.0,144080.0,9.5387
553850.0,142000.0,9.7012
553890.0,145270.0,9.4201
553910.0,139110.0,9.6338
553930.0,143220.0,9.6025
553930.0,141140.0,9.717
553960.0,138250.0,9.6244
553990.0,137380.0,9.6886
554000.0,144420.0,9.4913
554000.0,140290.0,9.7006
554010.0,142350.0,9.6579
554030.0,145600.0,9.4034
554060.0,139450.0,9.6517
554080.0,141480.0,9.6919
554090.0,143560.0,9.5499
554110.0,138600.0,9.6073
554140.0,144760.0,9.4533
554150.0,137730.0,9.6594
554150.0,140630.0,9.6948
554170.0,142700.0,9.6058
554220.0,139780.0,9.6637
554240.0,141830.0,9.6555
554240.0,143900.0,9.508
554270.0,138940.0,9.6095
554290.0,145090.0,9.4284
554310.0,140970.0,9.6776
554320.0,138080.0,9.6225
554330.0,143040.0,9.5595
554370.0,140120.0,9.6659
554390.0,144240.0,9.4778
554400.0,142170.0,9.6115
554430.0,139270.0,9.6196
554440.0,145420.0,9.4179
554460.0,141310.0,9.6503
554480.0,138430.0,9.6045
554480.0,143380.0,9.527000000000001
554510.0,137560.0,9.6406
554530.0,140450.0,9.6595
554550.0,144580.0,9.4536
554560.0,142520.0,9.5794
554590.0,139610.0,9.63
554620.0,141650.0,9.6183
554640.0,138760.0,9.5985
554640.0,143720.0,9.5019
554680.0,137910.0,9.6296
554690.0,140790.0,9.6433
554700.0,144910.0,9.4391
554720.0,142860.0,9.5572
554750.0,139940.0,9.6338
554780.0,141990.0,9.5986
554790.0,144060.0,9.4794
554800.0,139100.0,9.5979
554850.0,145240.0,9.4375
554850.0,138250.0,9.6149
554850.0,141130.0,9.623
554870.0,137390.0,9.6554
554880.0,143200.0,9.5358
554910.0,140270.0,9.6306
554950.0,144400.0,9.4612
554950.0,142330.0,9.5863
554970.0,139430.0,9.6015
555010.0,138580.0,9.609
555010.0,141470.0,9.6107
555040.0,143540.0,9.5138
555040.0,137730.0,9.6542
555070.0,140610.0,9.6226
555100.0,144730.0,9.4625
555110.0,142670.0,9.5801
555130.0,139760.0,9.606
555170.0,141810.0,9.6063
555180.0,138910.0,9.5963
555190.0,143870.0,9.492
555210.0,138060.0,9.627
555220.0,137210.0,9.6934
555230.0,140940.0,9.6151
555270.0,143010.0,9.5713
555290.0,140090.0,9.6081
555340.0,142150.0,9.6093
555340.0,139240.0,9.588
555350.0,144210.0,9.4792
555380.0,138390.0,9.6514
555400.0,137540.0,9.6991
555400.0,141280.0,9.6148
555430.0,143350.0,9.5518
555450.0,140420.0,9.6092
555500.0,142480.0,9.6144
555510.0,139570.0,9.5874
555550.0,138720.0,9.6197
555570.0,141610.0,9.6212
555600.0,143680.0,9.524
555620.0,140750.0,9.6122
555670.0,142820.0,9.6113
555680.0,139890.0,9.5905
555720.0,139040.0,9.5988
555730.0,141950.0,9.6305
555760.0,144010.0,9.5049
555790.0,141080.0,9.6198
555830.0,143150.0,9.5963
555840.0,140220.0,9.5973
555890.0,139370.0,9.5895
555900.0,142290.0,9.6361
555930.0,138520.0,9.6326
555960.0,141420.0,9.6303
556000.0,143480.0,9.5683
556010.0,140550.0,9.6068
556060.0,139690.0,9.5873
556070.0,142620.0,9.6343
556100.0,138840.0,9.6286
556130.0,141750.0,9.6396
556160.0,143810.0,9.5362
556180.0,140880.0,9.618
556230.0,140010.0,9.591000000000001
556240.0,142950.0,9.623
556280.0,139160.0,9.6223
556300.0,142080.0,9.6459
556310.0,138310.0,9.6581
556330.0,144140.0,9.5146
556360.0,141210.0,9.6307
556400.0,143280.0,9.5968
556410.0,140340.0,9.6012
556450.0,139480.0,9.6132
556470.0,142420.0,9.6454
556480.0,138630.0,9.6596
556530.0,141540.0,9.6429
556570.0,143610.0,9.5585
556580.0,140670.0,9.6157
556630.0,139800.0,9.6096
556640.0,142740.0,9.6369
556660.0,138950.0,9.6708
556710.0,141870.0,9.6519
556740.0,143930.0,9.5254
556760.0,141000.0,9.6324
556800.0,140130.0,9.6152
556810.0,143070.0,9.6126
556840.0,139260.0,9.677999999999999
556870.0,138410.0,9.697000000000001
556880.0,142200.0,9.6533
556940.0,141330.0,9.6483
556980.0,140450.0,9.629
556980.0,143390.0,9.572000000000001
557020.0,139580.0,9.6728
557050.0,138730.0,9.7086
557050.0,142530.0,9.6473
557110.0,141660.0,9.66
557150.0,143710.0,9.5371
557160.0,140780.0,9.6468
557200.0,139900.0,9.6692
557220.0,142850.0,9.6274
557230.0,139040.0,9.7326
557290.0,141980.0,9.6643
557340.0,141110.0,9.6642
557390.0,140230.0,9.6748
557400.0,143170.0,9.5919
557420.0,139350.0,9.7337
557440.0,138490.0,9.7536
557460.0,142310.0,9.6598
557520.0,141430.0,9.6766
557570.0,140550.0,9.686
557570.0,143490.0,9.565
557600.0,139670.0,9.7279
557620.0,138810.0,9.7751
557640.0,142630.0,9.6443
557700.0,141760.0,9.6817
557750.0,140880.0,9.6975
557790.0,139990.0,9.7292
557810.0,142940.0,9.6158
557820.0,139120.0,9.7743
557880.0,142080.0,9.6781
557940.0,141200.0,9.7054
557980.0,140310.0,9.7345
557990.0,143260.0,9.5886
558010.0,139430.0,9.7679
558020.0,138560.0,9.8224
558060.0,142390.0,9.6639
558120.0,141520.0,9.7075
558170.0,140640.0,9.7397
558200.0,139750.0,9.7669
558210.0,138870.0,9.8023
558240.0,142710.0,9.6384
558300.0,141840.0,9.7027
558360.0,140960.0,9.7419
558390.0,140070.0,9.7695
558400.0,138310.0,9.8431
558410.0,139180.0,9.7889
558410.0,143020.0,9.6051
558480.0,142150.0,9.6886
558540.0,141280.0,9.74
558590.0,140390.0,9.7738
558590.0,143330.0,9.5849
558610.0,139500.0,9.7851
558610.0,138620.0,9.8256
558660.0,142460.0,9.6657
558730.0,141590.0,9.7316
558780.0,140710.0,9.775
558810.0,138920.0,9.8023
558810.0,139810.0,9.7858
558840.0,142770.0,9.6383
558910.0,141900.0,9.7159
558970.0,141020.0,9.771
559000.0,138350.0,9.8339
559000.0,140130.0,9.79
559020.0,143070.0,9.621
559020.0,139240.0,9.7915
559090.0,142210.0,9.6941
559160.0,141330.0,9.7572
559200.0,140450.0,9.7915
559210.0,138660.0,9.8064
559220.0,139550.0,9.7886
559270.0,142510.0,9.6725
559340.0,141640.0,9.7369
559400.0,140760.0,9.7855
559420.0,139860.0,9.7913
559420.0,138970.0,9.7893
559450.0,142820.0,9.6404
559530.0,141950.0,9.7138
559590.0,141070.0,9.7686
559610.0,138380.0,9.8037
559630.0,139280.0,9.7813
559630.0,140180.0,9.7932
559710.0,142250.0,9.693999999999999
559780.0,141380.0,9.7448
559830.0,140490.0,9.7864
559830.0,138680.0,9.7836
559840.0,139590.0,9.777000000000001
559970.0,141680.0,9.7194
560020.0,140800.0,9.7668
560040.0,138990.0,9.767000000000001
560050.0,139900.0,9.7764
560150.0,141980.0,9.6954
560220.0,141100.0,9.7405
560230.0,138400.0,9.7788
560260.0,140210.0,9.7698
560260.0,139300.0,9.7513
560410.0,141410.0,9.7164
560450.0,138700.0,9.7536
560460.0,140520.0,9.7512
560470.0,139610.0,9.7449
560660.0,140820.0,9.735
560680.0,139010.0,9.7353
560690.0,139920.0,9.738999999999999
560890.0,140230.0,9.7376
560900.0,139320.0,9.7249
561120.0,139630.0,9.7134
